This is XeTeX, Version 3.141592653-2.6-0.999998 (MiKTeX 26.5) (preloaded format=xelatex 2026.8.27)  3 SEP 2026 15:06
entering extended mode
 restricted \write18 enabled.
 %&-line parsing enabled.
**./main.tex
(main.tex
LaTeX2e <2025-11-01>
L3 programming layer <2026-04-28>
(cumcmthesis.cls
Document Class: cumcmthesis 2026/08/26 v2.9 Standard LaTeX Template for CUMCM
(C:\Users\Hanamiya\AppData\Local\Programs\MiKTeX\tex/latex/base\article.cls
Document Class: article 2025/01/22 v1.4n Standard LaTeX document class
(C:\Users\Hanamiya\AppData\Local\Programs\MiKTeX\tex/latex/base\size12.clo
File: size12.clo 2025/01/22 v1.4n Standard LaTeX file (size option)
)
\c@part=\count272
\c@section=\count273
\c@subsection=\count274
\c@subsubsection=\count275
\c@paragraph=\count276
\c@subparagraph=\count277
\c@figure=\count278
\c@table=\count279
\abovecaptionskip=\skip49
\belowcaptionskip=\skip50
\bibindent=\dimen150
)
(C:\Users\Hanamiya\AppData\Local\Programs\MiKTeX\tex/generic/iftex\ifxetex.sty
Package: ifxetex 2019/10/25 v0.7 ifxetex legacy package. Use iftex instead.

(C:\Users\Hanamiya\AppData\Local\Programs\MiKTeX\tex/generic/iftex\iftex.sty
Package: iftex 2024/12/12 v1.0g TeX engine tests
))
(C:\Users\Hanamiya\AppData\Local\Programs\MiKTeX\tex/latex/ctex\ctex.sty
(C:\Users\Hanamiya\AppData\Local\Programs\MiKTeX\tex/latex/l3kernel\expl3.sty
Package: expl3 2026-04-28 L3 programming layer (loader) 

(C:\Users\Hanamiya\AppData\Local\Programs\MiKTeX\tex/latex/l3backend\l3backend-
xetex.def
File: l3backend-xetex.def 2026-02-18 L3 backend support: XeTeX
\g__graphics_track_int=\count280
\g__pdfannot_backend_int=\count281
\g__pdfannot_backend_link_int=\count282
))
Package: ctex 2022/07/14 v2.5.10 Chinese adapter in LaTeX (CTEX)

(C:\Users\Hanamiya\AppData\Local\Programs\MiKTeX\tex/latex/ctex\ctexhook.sty
Package: ctexhook 2022/07/14 v2.5.10 Document and package hooks (CTEX)
)
(C:\Users\Hanamiya\AppData\Local\Programs\MiKTeX\tex/latex/ctex\ctexpatch.sty
Package: ctexpatch 2022/07/14 v2.5.10 Patching commands (CTEX)
)
(C:\Users\Hanamiya\AppData\Local\Programs\MiKTeX\tex/latex/base\fix-cm.sty
Package: fix-cm 2020/11/24 v1.1t fixes to LaTeX

(C:\Users\Hanamiya\AppData\Local\Programs\MiKTeX\tex/latex/base\ts1enc.def
File: ts1enc.def 2001/06/05 v3.0e (jk/car/fm) Standard LaTeX file
LaTeX Font Info:    Redeclaring font encoding TS1 on input line 47.
LaTeX Encoding Info:    Redeclaring text command \capitalcedilla (encoding TS1)
 on input line 49.
LaTeX Encoding Info:    Redeclaring text command \capitalogonek (encoding TS1) 
on input line 52.
LaTeX Encoding Info:    Redeclaring text command \capitalgrave (encoding TS1) o
n input line 55.
LaTeX Encoding Info:    Redeclaring text command \capitalacute (encoding TS1) o
n input line 56.
LaTeX Encoding Info:    Redeclaring text command \capitalcircumflex (encoding T
S1) on input line 57.
LaTeX Encoding Info:    Redeclaring text command \capitaltilde (encoding TS1) o
n input line 58.
LaTeX Encoding Info:    Redeclaring text command \capitaldieresis (encoding TS1
) on input line 59.
LaTeX Encoding Info:    Redeclaring text command \capitalhungarumlaut (encoding
 TS1) on input line 60.
LaTeX Encoding Info:    Redeclaring text command \capitalring (encoding TS1) on
 input line 61.
LaTeX Encoding Info:    Redeclaring text command \capitalcaron (encoding TS1) o
n input line 62.
LaTeX Encoding Info:    Redeclaring text command \capitalbreve (encoding TS1) o
n input line 63.
LaTeX Encoding Info:    Redeclaring text command \capitalmacron (encoding TS1) 
on input line 64.
LaTeX Encoding Info:    Redeclaring text command \capitaldotaccent (encoding TS
1) on input line 65.
LaTeX Encoding Info:    Redeclaring text command \t (encoding TS1) on input lin
e 66.
LaTeX Encoding Info:    Redeclaring text command \capitaltie (encoding TS1) on 
input line 67.
LaTeX Encoding Info:    Redeclaring text command \newtie (encoding TS1) on inpu
t line 68.
LaTeX Encoding Info:    Redeclaring text command \capitalnewtie (encoding TS1) 
on input line 69.
LaTeX Encoding Info:    Redeclaring text symbol \textcapitalcompwordmark (encod
ing TS1) on input line 70.
LaTeX Encoding Info:    Redeclaring text symbol \textascendercompwordmark (enco
ding TS1) on input line 71.
LaTeX Encoding Info:    Redeclaring text symbol \textquotestraightbase (encodin
g TS1) on input line 72.
LaTeX Encoding Info:    Redeclaring text symbol \textquotestraightdblbase (enco
ding TS1) on input line 73.
LaTeX Encoding Info:    Redeclaring text symbol \texttwelveudash (encoding TS1)
 on input line 74.
LaTeX Encoding Info:    Redeclaring text symbol \textthreequartersemdash (encod
ing TS1) on input line 75.
LaTeX Encoding Info:    Redeclaring text symbol \textleftarrow (encoding TS1) o
n input line 76.
LaTeX Encoding Info:    Redeclaring text symbol \textrightarrow (encoding TS1) 
on input line 77.
LaTeX Encoding Info:    Redeclaring text symbol \textblank (encoding TS1) on in
put line 78.
LaTeX Encoding Info:    Redeclaring text symbol \textdollar (encoding TS1) on i
nput line 79.
LaTeX Encoding Info:    Redeclaring text symbol \textquotesingle (encoding TS1)
 on input line 80.
LaTeX Encoding Info:    Redeclaring text command \textasteriskcentered (encodin
g TS1) on input line 81.
LaTeX Encoding Info:    Redeclaring text symbol \textdblhyphen (encoding TS1) o
n input line 92.
LaTeX Encoding Info:    Redeclaring text symbol \textfractionsolidus (encoding 
TS1) on input line 93.
LaTeX Encoding Info:    Redeclaring text symbol \textzerooldstyle (encoding TS1
) on input line 94.
LaTeX Encoding Info:    Redeclaring text symbol \textoneoldstyle (encoding TS1)
 on input line 95.
LaTeX Encoding Info:    Redeclaring text symbol \texttwooldstyle (encoding TS1)
 on input line 96.
LaTeX Encoding Info:    Redeclaring text symbol \textthreeoldstyle (encoding TS
1) on input line 97.
LaTeX Encoding Info:    Redeclaring text symbol \textfouroldstyle (encoding TS1
) on input line 98.
LaTeX Encoding Info:    Redeclaring text symbol \textfiveoldstyle (encoding TS1
) on input line 99.
LaTeX Encoding Info:    Redeclaring text symbol \textsixoldstyle (encoding TS1)
 on input line 100.
LaTeX Encoding Info:    Redeclaring text symbol \textsevenoldstyle (encoding TS
1) on input line 101.
LaTeX Encoding Info:    Redeclaring text symbol \texteightoldstyle (encoding TS
1) on input line 102.
LaTeX Encoding Info:    Redeclaring text symbol \textnineoldstyle (encoding TS1
) on input line 103.
LaTeX Encoding Info:    Redeclaring text symbol \textlangle (encoding TS1) on i
nput line 104.
LaTeX Encoding Info:    Redeclaring text symbol \textminus (encoding TS1) on in
put line 105.
LaTeX Encoding Info:    Redeclaring text symbol \textrangle (encoding TS1) on i
nput line 106.
LaTeX Encoding Info:    Redeclaring text symbol \textmho (encoding TS1) on inpu
t line 107.
LaTeX Encoding Info:    Redeclaring text symbol \textbigcircle (encoding TS1) o
n input line 108.
LaTeX Encoding Info:    Redeclaring text command \textcircled (encoding TS1) on
 input line 109.
LaTeX Encoding Info:    Redeclaring text symbol \textohm (encoding TS1) on inpu
t line 115.
LaTeX Encoding Info:    Redeclaring text symbol \textlbrackdbl (encoding TS1) o
n input line 116.
LaTeX Encoding Info:    Redeclaring text symbol \textrbrackdbl (encoding TS1) o
n input line 117.
LaTeX Encoding Info:    Redeclaring text symbol \textuparrow (encoding TS1) on 
input line 118.
LaTeX Encoding Info:    Redeclaring text symbol \textdownarrow (encoding TS1) o
n input line 119.
LaTeX Encoding Info:    Redeclaring text symbol \textasciigrave (encoding TS1) 
on input line 120.
LaTeX Encoding Info:    Redeclaring text symbol \textborn (encoding TS1) on inp
ut line 121.
LaTeX Encoding Info:    Redeclaring text symbol \textdivorced (encoding TS1) on
 input line 122.
LaTeX Encoding Info:    Redeclaring text symbol \textdied (encoding TS1) on inp
ut line 123.
LaTeX Encoding Info:    Redeclaring text symbol \textleaf (encoding TS1) on inp
ut line 124.
LaTeX Encoding Info:    Redeclaring text symbol \textmarried (encoding TS1) on 
input line 125.
LaTeX Encoding Info:    Redeclaring text symbol \textmusicalnote (encoding TS1)
 on input line 126.
LaTeX Encoding Info:    Redeclaring text symbol \texttildelow (encoding TS1) on
 input line 127.
LaTeX Encoding Info:    Redeclaring text symbol \textdblhyphenchar (encoding TS
1) on input line 128.
LaTeX Encoding Info:    Redeclaring text symbol \textasciibreve (encoding TS1) 
on input line 129.
LaTeX Encoding Info:    Redeclaring text symbol \textasciicaron (encoding TS1) 
on input line 130.
LaTeX Encoding Info:    Redeclaring text symbol \textacutedbl (encoding TS1) on
 input line 131.
LaTeX Encoding Info:    Redeclaring text symbol \textgravedbl (encoding TS1) on
 input line 132.
LaTeX Encoding Info:    Redeclaring text symbol \textdagger (encoding TS1) on i
nput line 133.
LaTeX Encoding Info:    Redeclaring text symbol \textdaggerdbl (encoding TS1) o
n input line 134.
LaTeX Encoding Info:    Redeclaring text symbol \textbardbl (encoding TS1) on i
nput line 135.
LaTeX Encoding Info:    Redeclaring text symbol \textperthousand (encoding TS1)
 on input line 136.
LaTeX Encoding Info:    Redeclaring text symbol \textbullet (encoding TS1) on i
nput line 137.
LaTeX Encoding Info:    Redeclaring text symbol \textcelsius (encoding TS1) on 
input line 138.
LaTeX Encoding Info:    Redeclaring text symbol \textdollaroldstyle (encoding T
S1) on input line 139.
LaTeX Encoding Info:    Redeclaring text symbol \textcentoldstyle (encoding TS1
) on input line 140.
LaTeX Encoding Info:    Redeclaring text symbol \textflorin (encoding TS1) on i
nput line 141.
LaTeX Encoding Info:    Redeclaring text symbol \textcolonmonetary (encoding TS
1) on input line 142.
LaTeX Encoding Info:    Redeclaring text symbol \textwon (encoding TS1) on inpu
t line 143.
LaTeX Encoding Info:    Redeclaring text symbol \textnaira (encoding TS1) on in
put line 144.
LaTeX Encoding Info:    Redeclaring text symbol \textguarani (encoding TS1) on 
input line 145.
LaTeX Encoding Info:    Redeclaring text symbol \textpeso (encoding TS1) on inp
ut line 146.
LaTeX Encoding Info:    Redeclaring text symbol \textlira (encoding TS1) on inp
ut line 147.
LaTeX Encoding Info:    Redeclaring text symbol \textrecipe (encoding TS1) on i
nput line 148.
LaTeX Encoding Info:    Redeclaring text symbol \textinterrobang (encoding TS1)
 on input line 149.
LaTeX Encoding Info:    Redeclaring text symbol \textinterrobangdown (encoding 
TS1) on input line 150.
LaTeX Encoding Info:    Redeclaring text symbol \textdong (encoding TS1) on inp
ut line 151.
LaTeX Encoding Info:    Redeclaring text symbol \texttrademark (encoding TS1) o
n input line 152.
LaTeX Encoding Info:    Redeclaring text symbol \textpertenthousand (encoding T
S1) on input line 153.
LaTeX Encoding Info:    Redeclaring text symbol \textpilcrow (encoding TS1) on 
input line 154.
LaTeX Encoding Info:    Redeclaring text symbol \textbaht (encoding TS1) on inp
ut line 155.
LaTeX Encoding Info:    Redeclaring text symbol \textnumero (encoding TS1) on i
nput line 156.
LaTeX Encoding Info:    Redeclaring text symbol \textdiscount (encoding TS1) on
 input line 157.
LaTeX Encoding Info:    Redeclaring text symbol \textestimated (encoding TS1) o
n input line 158.
LaTeX Encoding Info:    Redeclaring text symbol \textopenbullet (encoding TS1) 
on input line 159.
LaTeX Encoding Info:    Redeclaring text symbol \textservicemark (encoding TS1)
 on input line 160.
LaTeX Encoding Info:    Redeclaring text symbol \textlquill (encoding TS1) on i
nput line 161.
LaTeX Encoding Info:    Redeclaring text symbol \textrquill (encoding TS1) on i
nput line 162.
LaTeX Encoding Info:    Redeclaring text symbol \textcent (encoding TS1) on inp
ut line 163.
LaTeX Encoding Info:    Redeclaring text symbol \textsterling (encoding TS1) on
 input line 164.
LaTeX Encoding Info:    Redeclaring text symbol \textcurrency (encoding TS1) on
 input line 165.
LaTeX Encoding Info:    Redeclaring text symbol \textyen (encoding TS1) on inpu
t line 166.
LaTeX Encoding Info:    Redeclaring text symbol \textbrokenbar (encoding TS1) o
n input line 167.
LaTeX Encoding Info:    Redeclaring text symbol \textsection (encoding TS1) on 
input line 168.
LaTeX Encoding Info:    Redeclaring text symbol \textasciidieresis (encoding TS
1) on input line 169.
LaTeX Encoding Info:    Redeclaring text symbol \textcopyright (encoding TS1) o
n input line 170.
LaTeX Encoding Info:    Redeclaring text symbol \textordfeminine (encoding TS1)
 on input line 171.
LaTeX Encoding Info:    Redeclaring text symbol \textcopyleft (encoding TS1) on
 input line 172.
LaTeX Encoding Info:    Redeclaring text symbol \textlnot (encoding TS1) on inp
ut line 173.
LaTeX Encoding Info:    Redeclaring text symbol \textcircledP (encoding TS1) on
 input line 174.
LaTeX Encoding Info:    Redeclaring text symbol \textregistered (encoding TS1) 
on input line 175.
LaTeX Encoding Info:    Redeclaring text symbol \textasciimacron (encoding TS1)
 on input line 176.
LaTeX Encoding Info:    Redeclaring text symbol \textdegree (encoding TS1) on i
nput line 177.
LaTeX Encoding Info:    Redeclaring text symbol \textpm (encoding TS1) on input
 line 178.
LaTeX Encoding Info:    Redeclaring text symbol \texttwosuperior (encoding TS1)
 on input line 179.
LaTeX Encoding Info:    Redeclaring text symbol \textthreesuperior (encoding TS
1) on input line 180.
LaTeX Encoding Info:    Redeclaring text symbol \textasciiacute (encoding TS1) 
on input line 181.
LaTeX Encoding Info:    Redeclaring text symbol \textmu (encoding TS1) on input
 line 182.
LaTeX Encoding Info:    Redeclaring text symbol \textparagraph (encoding TS1) o
n input line 183.
LaTeX Encoding Info:    Redeclaring text symbol \textperiodcentered (encoding T
S1) on input line 184.
LaTeX Encoding Info:    Redeclaring text symbol \textreferencemark (encoding TS
1) on input line 185.
LaTeX Encoding Info:    Redeclaring text symbol \textonesuperior (encoding TS1)
 on input line 186.
LaTeX Encoding Info:    Redeclaring text symbol \textordmasculine (encoding TS1
) on input line 187.
LaTeX Encoding Info:    Redeclaring text symbol \textsurd (encoding TS1) on inp
ut line 188.
LaTeX Encoding Info:    Redeclaring text symbol \textonequarter (encoding TS1) 
on input line 189.
LaTeX Encoding Info:    Redeclaring text symbol \textonehalf (encoding TS1) on 
input line 190.
LaTeX Encoding Info:    Redeclaring text symbol \textthreequarters (encoding TS
1) on input line 191.
LaTeX Encoding Info:    Redeclaring text symbol \texteuro (encoding TS1) on inp
ut line 192.
LaTeX Encoding Info:    Redeclaring text symbol \texttimes (encoding TS1) on in
put line 193.
LaTeX Encoding Info:    Redeclaring text symbol \textdiv (encoding TS1) on inpu
t line 194.
))
\l__ctex_tmp_int=\count283
\l__ctex_tmp_box=\box53
\l__ctex_tmp_dim=\dimen151
\g__ctex_section_depth_int=\count284
\g__ctex_font_size_int=\count285

(C:\Users\Hanamiya\AppData\Local\Programs\MiKTeX\tex/latex/ctex/config\ctexopts
.cfg
File: ctexopts.cfg 2022/07/14 v2.5.10 Option configuration file (CTEX)
)
(C:\Users\Hanamiya\AppData\Local\Programs\MiKTeX\tex/latex/ctex/engine\ctex-eng
ine-xetex.def
File: ctex-engine-xetex.def 2022/07/14 v2.5.10 XeLaTeX adapter (CTEX)

(C:\Users\Hanamiya\AppData\Local\Programs\MiKTeX\tex/xelatex/xecjk\xeCJK.sty
Package: xeCJK 2022/08/05 v3.9.1 Typesetting CJK scripts with XeLaTeX

(C:\Users\Hanamiya\AppData\Local\Programs\MiKTeX\tex/latex/l3packages/xtemplate
\xtemplate.sty
Package: xtemplate 2025-10-09 L3 Experimental prototype document functions
)
\l__xeCJK_tmp_int=\count286
\l__xeCJK_tmp_box=\box54
\l__xeCJK_tmp_dim=\dimen152
\l__xeCJK_tmp_skip=\skip51
\g__xeCJK_space_factor_int=\count287
\l__xeCJK_begin_int=\count288
\l__xeCJK_end_int=\count289
\c__xeCJK_CJK_class_int=\XeTeXcharclass1
\c__xeCJK_FullLeft_class_int=\XeTeXcharclass2
\c__xeCJK_FullRight_class_int=\XeTeXcharclass3
\c__xeCJK_HalfLeft_class_int=\XeTeXcharclass4
\c__xeCJK_HalfRight_class_int=\XeTeXcharclass5
\c__xeCJK_NormalSpace_class_int=\XeTeXcharclass6
\c__xeCJK_CM_class_int=\XeTeXcharclass7
\c__xeCJK_HangulJamo_class_int=\XeTeXcharclass8
\l__xeCJK_last_skip=\skip52
\c__xeCJK_none_node=\count290
\g__xeCJK_node_int=\count291
\c__xeCJK_CJK_node_dim=\dimen153
\c__xeCJK_CJK-space_node_dim=\dimen154
\c__xeCJK_default_node_dim=\dimen155
\c__xeCJK_CJK-widow_node_dim=\dimen156
\c__xeCJK_normalspace_node_dim=\dimen157
\c__xeCJK_default-space_node_skip=\skip53
\l__xeCJK_ccglue_skip=\skip54
\l__xeCJK_ecglue_skip=\skip55
\l__xeCJK_punct_kern_skip=\skip56
\l__xeCJK_indent_box=\box55
\l__xeCJK_last_penalty_int=\count292
\l__xeCJK_last_bound_dim=\dimen158
\l__xeCJK_last_kern_dim=\dimen159
\l__xeCJK_widow_penalty_int=\count293

LaTeX template Info: Declaring template type 'xeCJK/punctuation' taking 0
(template)           argument(s) on line 2396.

\l__xeCJK_fixed_punct_width_dim=\dimen160
\l__xeCJK_mixed_punct_width_dim=\dimen161
\l__xeCJK_middle_punct_width_dim=\dimen162
\l__xeCJK_fixed_margin_width_dim=\dimen163
\l__xeCJK_mixed_margin_width_dim=\dimen164
\l__xeCJK_middle_margin_width_dim=\dimen165
\l__xeCJK_bound_punct_width_dim=\dimen166
\l__xeCJK_bound_margin_width_dim=\dimen167
\l__xeCJK_margin_minimum_dim=\dimen168
\l__xeCJK_kerning_total_width_dim=\dimen169
\l__xeCJK_same_align_margin_dim=\dimen170
\l__xeCJK_different_align_margin_dim=\dimen171
\l__xeCJK_kerning_margin_width_dim=\dimen172
\l__xeCJK_kerning_margin_minimum_dim=\dimen173
\l__xeCJK_bound_dim=\dimen174
\l__xeCJK_reverse_bound_dim=\dimen175
\l__xeCJK_margin_dim=\dimen176
\l__xeCJK_minimum_bound_dim=\dimen177
\l__xeCJK_kerning_margin_dim=\dimen178
\g__xeCJK_family_int=\count294
\l__xeCJK_fam_int=\count295
\g__xeCJK_fam_allocation_int=\count296
\l__xeCJK_verb_case_int=\count297
\l__xeCJK_verb_exspace_skip=\skip57

(C:\Users\Hanamiya\AppData\Local\Programs\MiKTeX\tex/latex/fontspec\fontspec.st
y
(C:\Users\Hanamiya\AppData\Local\Programs\MiKTeX\tex/latex/l3packages/xparse\xp
arse.sty
Package: xparse 2025-10-09 L3 Experimental document command parser
)
Package: fontspec 2025/09/29 v2.9g Font selection for XeLaTeX and LuaLaTeX

(C:\Users\Hanamiya\AppData\Local\Programs\MiKTeX\tex/latex/fontspec\fontspec-xe
tex.sty
Package: fontspec-xetex 2025/09/29 v2.9g Font selection for XeLaTeX and LuaLaTe
X
\l__fontspec_script_int=\count298
\l__fontspec_language_int=\count299
\l__fontspec_strnum_int=\count300
\l__fontspec_tmp_int=\count301
\l__fontspec_tmpa_int=\count302
\l__fontspec_tmpb_int=\count303
\l__fontspec_tmpc_int=\count304
\l__fontspec_em_int=\count305
\l__fontspec_emdef_int=\count306
\l__fontspec_strong_int=\count307
\l__fontspec_strongdef_int=\count308
\l__fontspec_tmpa_dim=\dimen179
\l__fontspec_tmpb_dim=\dimen180
\l__fontspec_tmpc_dim=\dimen181

(C:\Users\Hanamiya\AppData\Local\Programs\MiKTeX\tex/latex/base\fontenc.sty
Package: fontenc 2025/07/18 v2.1d Standard LaTeX package
)
(C:\Users\Hanamiya\AppData\Local\Programs\MiKTeX\tex/latex/fontspec\fontspec.cf
g)))
(C:\Users\Hanamiya\AppData\Local\Programs\MiKTeX\tex/xelatex/xecjk\xeCJK.cfg
File: xeCJK.cfg 2022/08/05 v3.9.1 Configuration file for xeCJK package
))
\ccwd=\dimen182
\l__ctex_ccglue_skip=\skip58
)
\l__ctex_ziju_dim=\dimen183

(C:\Users\Hanamiya\AppData\Local\Programs\MiKTeX\tex/latex/zhnumber\zhnumber.st
y
Package: zhnumber 2022/07/14 v3.0 Typesetting numbers with Chinese glyphs
\l__zhnum_scale_int=\count309
\l__zhnum_tmp_int=\count310

(C:\Users\Hanamiya\AppData\Local\Programs\MiKTeX\tex/latex/zhnumber\zhnumber-ut
f8.cfg
File: zhnumber-utf8.cfg 2022/07/14 v3.0 Chinese numerals with UTF8 encoding
))
(C:\Users\Hanamiya\AppData\Local\Programs\MiKTeX\tex/latex/ctex/scheme\ctex-sch
eme-chinese.def
File: ctex-scheme-chinese.def 2022/07/14 v2.5.10 Chinese scheme for generic (CT
EX)

(C:\Users\Hanamiya\AppData\Local\Programs\MiKTeX\tex/latex/ctex/config\ctex-nam
e-utf8.cfg
File: ctex-name-utf8.cfg 2022/07/14 v2.5.10 Caption with encoding UTF-8 (CTEX)
))
(C:\Users\Hanamiya\AppData\Local\Programs\MiKTeX\tex/latex/tools\indentfirst.st
y
Package: indentfirst 2023/07/02 v1.03 Indent first paragraph (DPC)
)
(C:\Users\Hanamiya\AppData\Local\Programs\MiKTeX\tex/latex/ctex\ctex-c5size.clo
File: ctex-c5size.clo 2022/07/14 v2.5.10 c5size option (CTEX)
)
(C:\Users\Hanamiya\AppData\Local\Programs\MiKTeX\tex/latex/ctex/fontset\ctex-fo
ntset-windows.def
File: ctex-fontset-windows.def 2022/07/14 v2.5.10 Windows fonts definition (CTE
X)

Package fontspec Info: 
(fontspec)             Could not resolve font "KaiTi/B" (it probably doesn't
(fontspec)             exist).


Package fontspec Info: 
(fontspec)             Could not resolve font "SimHei/I" (it probably doesn't
(fontspec)             exist).


Package fontspec Info: 
(fontspec)             Could not resolve font "SimSun/BI" (it probably doesn't
(fontspec)             exist).


Package fontspec Info: 
(fontspec)             Font family 'SimSun(0)' created for font 'SimSun' with
(fontspec)             options
(fontspec)             [Script={CJK},BoldFont={SimHei},ItalicFont={KaiTi}].
(fontspec)              
(fontspec)              This font family consists of the following NFSS
(fontspec)             series/shapes:
(fontspec)              
(fontspec)             - 'normal' (m/n) with NFSS spec.:
(fontspec)             <->"SimSun/OT:script=hani;language=dflt;"
(fontspec)             - 'bold' (b/n) with NFSS spec.:
(fontspec)             <->"SimHei/OT:script=hani;language=dflt;"
(fontspec)             - 'italic' (m/it) with NFSS spec.:
(fontspec)             <->"KaiTi/OT:script=hani;language=dflt;"

))
(C:\Users\Hanamiya\AppData\Local\Programs\MiKTeX\tex/latex/ctex/config\ctex.cfg
File: ctex.cfg 2022/07/14 v2.5.10 Configuration file (CTEX)
)
(C:\Users\Hanamiya\AppData\Local\Programs\MiKTeX\tex/latex/geometry\geometry.st
y
Package: geometry 2026/03/07 v6.0 Page Geometry

(C:\Users\Hanamiya\AppData\Local\Programs\MiKTeX\tex/latex/graphics\keyval.sty
Package: keyval 2022/05/29 v1.15 key=value parser (DPC)
\KV@toks@=\toks17
) (C:\Users\Hanamiya\AppData\Local\Programs\MiKTeX\tex/generic/iftex\ifvtex.sty
Package: ifvtex 2019/10/25 v1.7 ifvtex legacy package. Use iftex instead.
)
\Gm@cnth=\count311
\Gm@cntv=\count312
\c@Gm@tempcnt=\count313
\Gm@bindingoffset=\dimen184
\Gm@wd@mp=\dimen185
\Gm@odd@mp=\dimen186
\Gm@even@mp=\dimen187
\Gm@layoutwidth=\dimen188
\Gm@layoutheight=\dimen189
\Gm@layouthoffset=\dimen190
\Gm@layoutvoffset=\dimen191
\Gm@dimlist=\toks18

(C:\Users\Hanamiya\AppData\Local\Programs\MiKTeX\tex/latex/geometry\geometry.cf
g))
(C:\Users\Hanamiya\AppData\Local\Programs\MiKTeX\tex/latex/amsmath\amsmath.sty
Package: amsmath 2025/07/09 v2.17z AMS math features
\@mathmargin=\skip59

For additional information on amsmath, use the `?' option.
(C:\Users\Hanamiya\AppData\Local\Programs\MiKTeX\tex/latex/amsmath\amstext.sty
Package: amstext 2024/11/17 v2.01 AMS text

(C:\Users\Hanamiya\AppData\Local\Programs\MiKTeX\tex/latex/amsmath\amsgen.sty
File: amsgen.sty 1999/11/30 v2.0 generic functions
\@emptytoks=\toks19
\ex@=\dimen192
)) (C:\Users\Hanamiya\AppData\Local\Programs\MiKTeX\tex/latex/amsmath\amsbsy.st
y
Package: amsbsy 1999/11/29 v1.2d Bold Symbols
\pmbraise@=\dimen193
) (C:\Users\Hanamiya\AppData\Local\Programs\MiKTeX\tex/latex/amsmath\amsopn.sty
Package: amsopn 2022/04/08 v2.04 operator names
)
\inf@bad=\count314
LaTeX Info: Redefining \frac on input line 233.
\uproot@=\count315
\leftroot@=\count316
LaTeX Info: Redefining \overline on input line 398.
LaTeX Info: Redefining \colon on input line 409.
\classnum@=\count317
\DOTSCASE@=\count318
LaTeX Info: Redefining \ldots on input line 495.
LaTeX Info: Redefining \dots on input line 498.
LaTeX Info: Redefining \cdots on input line 619.
\Mathstrutbox@=\box56
\strutbox@=\box57
LaTeX Info: Redefining \big on input line 721.
LaTeX Info: Redefining \Big on input line 722.
LaTeX Info: Redefining \bigg on input line 723.
LaTeX Info: Redefining \Bigg on input line 724.
\big@size=\dimen194
LaTeX Font Info:    Redeclaring font encoding OML on input line 742.
LaTeX Font Info:    Redeclaring font encoding OMS on input line 743.
\macc@depth=\count319
LaTeX Info: Redefining \bmod on input line 904.
LaTeX Info: Redefining \pmod on input line 909.
LaTeX Info: Redefining \smash on input line 939.
LaTeX Info: Redefining \relbar on input line 969.
LaTeX Info: Redefining \Relbar on input line 970.
\c@MaxMatrixCols=\count320
\dotsspace@=\muskip17
\c@parentequation=\count321
\dspbrk@lvl=\count322
\tag@help=\toks20
\row@=\count323
\column@=\count324
\maxfields@=\count325
\andhelp@=\toks21
\eqnshift@=\dimen195
\alignsep@=\dimen196
\tagshift@=\dimen197
\tagwidth@=\dimen198
\totwidth@=\dimen199
\lineht@=\dimen256
\@envbody=\toks22
\multlinegap=\skip60
\multlinetaggap=\skip61
\mathdisplay@stack=\toks23
LaTeX Info: Redefining \[ on input line 2950.
LaTeX Info: Redefining \] on input line 2951.
)
(C:\Users\Hanamiya\AppData\Local\Programs\MiKTeX\tex/latex/amsfonts\amsfonts.st
y
Package: amsfonts 2013/01/14 v3.01 Basic AMSFonts support
\symAMSa=\mathgroup4
\symAMSb=\mathgroup5
LaTeX Font Info:    Redeclaring math symbol \hbar on input line 98.
LaTeX Font Info:    Overwriting math alphabet `\mathfrak' in version `bold'
(Font)                  U/euf/m/n --> U/euf/b/n on input line 106.
)
(C:\Users\Hanamiya\AppData\Local\Programs\MiKTeX\tex/latex/amsfonts\amssymb.sty
Package: amssymb 2013/01/14 v3.01 AMS font symbols
) (C:\Users\Hanamiya\AppData\Local\Programs\MiKTeX\tex/latex/tools\bm.sty
Package: bm 2025/10/21 v1.2g Bold Symbol Support (DPC/FMi)
\symboldoperators=\mathgroup6
\symboldletters=\mathgroup7
\symboldsymbols=\mathgroup8
Package bm Info: No bold for \OMX/cmex/m/n, using \pmb.
Package bm Info: No bold for \U/msa/m/n, using \pmb.
Package bm Info: No bold for \U/msb/m/n, using \pmb.
LaTeX Font Info:    Redeclaring math alphabet \mathbf on input line 149.
)
(C:\Users\Hanamiya\AppData\Local\Programs\MiKTeX\tex/latex/xcolor\xcolor.sty
Package: xcolor 2024/09/29 v3.02 LaTeX color extensions (UK)

(C:\Users\Hanamiya\AppData\Local\Programs\MiKTeX\tex/latex/graphics-cfg\color.c
fg
File: color.cfg 2016/01/02 v1.6 sample color configuration
)
Package xcolor Info: Driver file: xetex.def on input line 274.

(C:\Users\Hanamiya\AppData\Local\Programs\MiKTeX\tex/latex/graphics-def\xetex.d
ef
File: xetex.def 2025/11/01 v5.0p Graphics/color driver for xetex
)
(C:\Users\Hanamiya\AppData\Local\Programs\MiKTeX\tex/latex/graphics\mathcolor.l
tx)
Package xcolor Info: Model `cmy' substituted by `cmy0' on input line 1349.
Package xcolor Info: Model `RGB' extended on input line 1365.
Package xcolor Info: Model `HTML' substituted by `rgb' on input line 1367.
Package xcolor Info: Model `Hsb' substituted by `hsb' on input line 1368.
Package xcolor Info: Model `tHsb' substituted by `hsb' on input line 1369.
Package xcolor Info: Model `HSB' substituted by `hsb' on input line 1370.
Package xcolor Info: Model `Gray' substituted by `gray' on input line 1371.
Package xcolor Info: Model `wave' substituted by `hsb' on input line 1372.
)
(C:\Users\Hanamiya\AppData\Local\Programs\MiKTeX\tex/latex/graphics\graphicx.st
y
Package: graphicx 2024/12/31 v1.2e Enhanced LaTeX Graphics (DPC,SPQR)

(C:\Users\Hanamiya\AppData\Local\Programs\MiKTeX\tex/latex/graphics\graphics.st
y
Package: graphics 2024/08/06 v1.4g Standard LaTeX Graphics (DPC,SPQR)
 (C:\Users\Hanamiya\AppData\Local\Programs\MiKTeX\tex/latex/graphics\trig.sty
Package: trig 2023/12/02 v1.11 sin cos tan (DPC)
)
(C:\Users\Hanamiya\AppData\Local\Programs\MiKTeX\tex/latex/graphics-cfg\graphic
s.cfg
File: graphics.cfg 2016/06/04 v1.11 sample graphics configuration
)
Package graphics Info: Driver file: xetex.def on input line 106.
)
\Gin@req@height=\dimen257
\Gin@req@width=\dimen258
)
(C:\Users\Hanamiya\AppData\Local\Programs\MiKTeX\tex/latex/float\float.sty
Package: float 2001/11/08 v1.3d Float enhancements (AL)
\c@float@type=\count326
\float@exts=\toks24
\float@box=\box58
\@float@everytoks=\toks25
\@floatcapt=\box59
)
(C:\Users\Hanamiya\AppData\Local\Programs\MiKTeX\tex/latex/tools\array.sty
Package: array 2025/09/25 v2.6n Tabular extension package (FMi)
\col@sep=\dimen259
\ar@mcellbox=\box60
\extrarowheight=\dimen260
\NC@list=\toks26
\extratabsurround=\skip62
\backup@length=\skip63
\ar@cellbox=\box61
)
(C:\Users\Hanamiya\AppData\Local\Programs\MiKTeX\tex/latex/tools\longtable.sty
Package: longtable 2025-10-13 v4.24 Multi-page Table package (DPC)
\LTleft=\skip64
\LTright=\skip65
\LTpre=\skip66
\LTpost=\skip67
\LTchunksize=\count327
\LTcapwidth=\dimen261
\LT@head=\box62
\LT@firsthead=\box63
\LT@foot=\box64
\LT@lastfoot=\box65
\LT@gbox=\box66
\LT@cols=\count328
\LT@rows=\count329
\c@LT@tables=\count330
\c@LT@chunks=\count331
\LT@p@ftn=\toks27
)
(C:\Users\Hanamiya\AppData\Local\Programs\MiKTeX\tex/latex/booktabs\booktabs.st
y
Package: booktabs 2020/01/12 v1.61803398 Publication quality tables
\heavyrulewidth=\dimen262
\lightrulewidth=\dimen263
\cmidrulewidth=\dimen264
\belowrulesep=\dimen265
\belowbottomsep=\dimen266
\aboverulesep=\dimen267
\abovetopsep=\dimen268
\cmidrulesep=\dimen269
\cmidrulekern=\dimen270
\defaultaddspace=\dimen271
\@cmidla=\count332
\@cmidlb=\count333
\@aboverulesep=\dimen272
\@belowrulesep=\dimen273
\@thisruleclass=\count334
\@lastruleclass=\count335
\@thisrulewidth=\dimen274
)
(C:\Users\Hanamiya\AppData\Local\Programs\MiKTeX\tex/latex/tools\tabularx.sty
Package: tabularx 2023/12/11 v2.12a `tabularx' package (DPC)
\TX@col@width=\dimen275
\TX@old@table=\dimen276
\TX@old@col=\dimen277
\TX@target=\dimen278
\TX@delta=\dimen279
\TX@cols=\count336
\TX@ftn=\toks28
)
(C:\Users\Hanamiya\AppData\Local\Programs\MiKTeX\tex/latex/multirow\multirow.st
y
Package: multirow 2024/11/12 v2.9 Span multiple rows of a table
\multirow@colwidth=\skip68
\multirow@cntb=\count337
\multirow@dima=\skip69
\bigstrutjot=\dimen280
)
(C:\Users\Hanamiya\AppData\Local\Programs\MiKTeX\tex/latex/multirow\bigstrut.st
y
Package: bigstrut 2024/11/12 v2.9 Provide larger struts in tabulars
)
(C:\Users\Hanamiya\AppData\Local\Programs\MiKTeX\tex/latex/multirow\bigdelim.st
y
Package: bigdelim 2024/11/12 v2.9 Create big delimiters in tabular or array
)
(C:\Users\Hanamiya\AppData\Local\Programs\MiKTeX\tex/latex/cprotect\cprotect.st
y
Package: cprotect 2011/01/27 v1.0e (Bruno Le Floch)
 (C:\Users\Hanamiya\AppData\Local\Programs\MiKTeX\tex/latex/base\ifthen.sty
Package: ifthen 2024/03/16 v1.1e Standard LaTeX ifthen package (DPC)
)
(C:\Users\Hanamiya\AppData\Local\Programs\MiKTeX\tex/latex/bigfoot\suffix.sty
Package: suffix 2006/07/15 1.5a Variant command support
)
\CPT@WriteOut=\write3
\c@CPT@WriteCount=\count338
\c@CPT@numB=\count339
\CPT@commandatend@toks=\toks29
)
(C:\Users\Hanamiya\AppData\Local\Programs\MiKTeX\tex/latex/listings\listings.st
y
\lst@mode=\count340
\lst@gtempboxa=\box67
\lst@token=\toks30
\lst@length=\count341
\lst@currlwidth=\dimen281
\lst@column=\count342
\lst@pos=\count343
\lst@lostspace=\dimen282
\lst@width=\dimen283
\lst@newlines=\count344
\lst@lineno=\count345
\lst@maxwidth=\dimen284

(C:\Users\Hanamiya\AppData\Local\Programs\MiKTeX\tex/latex/listings\lstpatch.st
y
File: lstpatch.sty 2025/11/14 1.11b (Carsten Heinz)
)
(C:\Users\Hanamiya\AppData\Local\Programs\MiKTeX\tex/latex/listings\lstmisc.sty
File: lstmisc.sty 2025/11/14 1.11b (Carsten Heinz)
\c@lstnumber=\count346
\lst@skipnumbers=\count347
\lst@framebox=\box68
)
(C:\Users\Hanamiya\AppData\Local\Programs\MiKTeX\tex/latex/listings\listings.cf
g
File: listings.cfg 2025/11/14 1.11b listings configuration
))
Package: listings 2025/11/14 1.11b (Carsten Heinz)

(C:\Users\Hanamiya\AppData\Local\Programs\MiKTeX\tex/xelatex/xecjk\xeCJK-listin
gs.sty
Package: xeCJK-listings 2022/08/05 v3.9.1 xeCJK patch file for listings
\l__xeCJK_listings_max_char_int=\count348
\l__xeCJK_listings_flag_int=\count349
)
==> First Aid for listings.sty no longer applied!
    Expected:
        2024/09/23 1.10c (Carsten Heinz)
    but found:
        2025/11/14 1.11b (Carsten Heinz)
    so I'm assuming it got fixed.
(C:\Users\Hanamiya\AppData\Local\Programs\MiKTeX\tex/latex/url\url.sty
\Urlmuskip=\muskip18
Package: url 2013/09/16  ver 3.4  Verb mode for urls, etc.
)
(C:\Users\Hanamiya\AppData\Local\Programs\MiKTeX\tex/latex/caption\subcaption.s
ty
Package: subcaption 2023/07/28 v1.6b Sub-captions (AR)

(C:\Users\Hanamiya\AppData\Local\Programs\MiKTeX\tex/latex/caption\caption.sty
Package: caption 2023/08/05 v3.6o Customizing captions (AR)

(C:\Users\Hanamiya\AppData\Local\Programs\MiKTeX\tex/latex/caption\caption3.sty
Package: caption3 2023/07/31 v2.4d caption3 kernel (AR)
\caption@tempdima=\dimen285
\captionmargin=\dimen286
\caption@leftmargin=\dimen287
\caption@rightmargin=\dimen288
\caption@width=\dimen289
\caption@indent=\dimen290
\caption@parindent=\dimen291
\caption@hangindent=\dimen292
Package caption Info: Standard document class detected.
)
\c@caption@flags=\count350
\c@continuedfloat=\count351
Package caption Info: float package is loaded.
Package caption Info: listings package is loaded.
Package caption Info: longtable package is loaded.

(C:\Users\Hanamiya\AppData\Local\Programs\MiKTeX\tex/latex/caption\ltcaption.st
y
Package: ltcaption 2021/01/08 v1.4c longtable captions (AR)
))
Package caption Info: New subtype `subfigure' on input line 238.
\c@subfigure=\count352
Package caption Info: New subtype `subtable' on input line 238.
\c@subtable=\count353
)
(C:\Users\Hanamiya\AppData\Local\Programs\MiKTeX\tex/latex/tocloft\tocloft.sty
Package: tocloft 2017/08/31 v2.3i parameterised ToC, etc., typesetting
Package tocloft Info: The document has section divisions on input line 51.
\cftparskip=\skip70
\cftbeforetoctitleskip=\skip71
\cftaftertoctitleskip=\skip72
\cftbeforepartskip=\skip73
\cftpartnumwidth=\skip74
\cftpartindent=\skip75
\cftbeforesecskip=\skip76
\cftsecindent=\skip77
\cftsecnumwidth=\skip78
\cftbeforesubsecskip=\skip79
\cftsubsecindent=\skip80
\cftsubsecnumwidth=\skip81
\cftbeforesubsubsecskip=\skip82
\cftsubsubsecindent=\skip83
\cftsubsubsecnumwidth=\skip84
\cftbeforeparaskip=\skip85
\cftparaindent=\skip86
\cftparanumwidth=\skip87
\cftbeforesubparaskip=\skip88
\cftsubparaindent=\skip89
\cftsubparanumwidth=\skip90
\cftbeforeloftitleskip=\skip91
\cftafterloftitleskip=\skip92
\cftbeforefigskip=\skip93
\cftfigindent=\skip94
\cftfignumwidth=\skip95
\c@lofdepth=\count354
\c@lotdepth=\count355
\cftbeforelottitleskip=\skip96
\cftafterlottitleskip=\skip97
\cftbeforetabskip=\skip98
\cfttabindent=\skip99
\cfttabnumwidth=\skip100
)
(C:\Users\Hanamiya\AppData\Local\Programs\MiKTeX\tex/latex/setspace\setspace.st
y
Package: setspace 2022/12/04 v6.7b set line spacing
)
(C:\Users\Hanamiya\AppData\Local\Programs\MiKTeX\tex/latex/enumitem\enumitem.st
y
Package: enumitem 2025/02/06 v3.11 Customized lists
\labelindent=\skip101
\enit@outerparindent=\dimen293
\enit@toks=\toks31
\enit@inbox=\box69
\enit@count@id=\count356
\enitdp@description=\count357
) (C:\Users\Hanamiya\AppData\Local\Programs\MiKTeX\tex/latex/ulem\ulem.sty
\UL@box=\box70
\UL@hyphenbox=\box71
\UL@skip=\skip102
\UL@hook=\toks32
\UL@height=\dimen294
\UL@pe=\count358
\UL@pixel=\dimen295
\ULC@box=\box72
Package: ulem 2019/11/18
\ULdepth=\dimen296
)
(C:\Users\Hanamiya\AppData\Local\Programs\MiKTeX\tex/latex/tools\calc.sty
Package: calc 2025/03/01 v4.3b Infix arithmetic (KKT,FJ)
\calc@Acount=\count359
\calc@Bcount=\count360
\calc@Adimen=\dimen297
\calc@Bdimen=\dimen298
\calc@Askip=\skip103
\calc@Bskip=\skip104
LaTeX Info: Redefining \setlength on input line 86.
LaTeX Info: Redefining \addtolength on input line 87.
\calc@Ccount=\count361
\calc@Cskip=\skip105
)
(C:\Users\Hanamiya\AppData\Local\Programs\MiKTeX\tex/latex/appendix\appendix.st
y
Package: appendix 2020/02/08 v1.2c extra appendix facilities
\c@@pps=\count362
\c@@ppsavesec=\count363
\c@@ppsaveapp=\count364
)
(C:\Users\Hanamiya\AppData\Local\Programs\MiKTeX\tex/latex/etoolbox\etoolbox.st
y
Package: etoolbox 2025/10/02 v2.5m e-TeX tools for LaTeX (JAW)
\etb@tempcnta=\count365
)
(C:\Users\Hanamiya\AppData\Local\Programs\MiKTeX\tex/latex/hyperref\hyperref.st
y
Package: hyperref 2026-04-24 v7.01q Hypertext links for LaTeX

(C:\Users\Hanamiya\AppData\Local\Programs\MiKTeX\tex/latex/kvsetkeys\kvsetkeys.
sty
Package: kvsetkeys 2022-10-05 v1.19 Key value parser (HO)
)
(C:\Users\Hanamiya\AppData\Local\Programs\MiKTeX\tex/generic/kvdefinekeys\kvdef
inekeys.sty
Package: kvdefinekeys 2019-12-19 v1.6 Define keys (HO)
)
(C:\Users\Hanamiya\AppData\Local\Programs\MiKTeX\tex/generic/pdfescape\pdfescap
e.sty
Package: pdfescape 2019/12/09 v1.15 Implements pdfTeX's escape features (HO)

(C:\Users\Hanamiya\AppData\Local\Programs\MiKTeX\tex/generic/ltxcmds\ltxcmds.st
y
Package: ltxcmds 2023-12-04 v1.26 LaTeX kernel commands for general use (HO)
)
(C:\Users\Hanamiya\AppData\Local\Programs\MiKTeX\tex/generic/pdftexcmds\pdftexc
mds.sty
Package: pdftexcmds 2020-06-27 v0.33 Utility functions of pdfTeX for LuaTeX (HO
)

(C:\Users\Hanamiya\AppData\Local\Programs\MiKTeX\tex/generic/infwarerr\infwarer
r.sty
Package: infwarerr 2019/12/03 v1.5 Providing info/warning/error messages (HO)
)
Package pdftexcmds Info: \pdf@primitive is available.
Package pdftexcmds Info: \pdf@ifprimitive is available.
Package pdftexcmds Info: \pdfdraftmode not found.
))
(C:\Users\Hanamiya\AppData\Local\Programs\MiKTeX\tex/latex/hycolor\hycolor.sty
Package: hycolor 2020-01-27 v1.10 Color options for hyperref/bookmark (HO)
)
(C:\Users\Hanamiya\AppData\Local\Programs\MiKTeX\tex/latex/hyperref\nameref.sty
Package: nameref 2026-01-29 v2.58 Cross-referencing by name of section

(C:\Users\Hanamiya\AppData\Local\Programs\MiKTeX\tex/latex/refcount\refcount.st
y
Package: refcount 2019/12/15 v3.6 Data extraction from label references (HO)
)
(C:\Users\Hanamiya\AppData\Local\Programs\MiKTeX\tex/generic/gettitlestring\get
titlestring.sty
Package: gettitlestring 2019/12/15 v1.6 Cleanup title references (HO)

(C:\Users\Hanamiya\AppData\Local\Programs\MiKTeX\tex/latex/kvoptions\kvoptions.
sty
Package: kvoptions 2022-06-15 v3.15 Key value format for package options (HO)
))
\c@section@level=\count366
)
(C:\Users\Hanamiya\AppData\Local\Programs\MiKTeX\tex/generic/stringenc\stringen
c.sty
Package: stringenc 2019/11/29 v1.12 Convert strings between diff. encodings (HO
)
)
\@linkdim=\dimen299
\Hy@linkcounter=\count367
\Hy@pagecounter=\count368

(C:\Users\Hanamiya\AppData\Local\Programs\MiKTeX\tex/latex/hyperref\pd1enc.def
File: pd1enc.def 2026-04-24 v7.01q Hyperref: PDFDocEncoding definition (HO)
)
(C:\Users\Hanamiya\AppData\Local\Programs\MiKTeX\tex/generic/intcalc\intcalc.st
y
Package: intcalc 2019/12/15 v1.3 Expandable calculations with integers (HO)
)
\Hy@SavedSpaceFactor=\count369

(C:\Users\Hanamiya\AppData\Local\Programs\MiKTeX\tex/latex/hyperref\puenc.def
File: puenc.def 2026-04-24 v7.01q Hyperref: PDF Unicode definition (HO)
)
Package hyperref Info: Option `unicode' set `true' on input line 4070.
Package hyperref Info: Hyper figures OFF on input line 4199.
Package hyperref Info: Link nesting OFF on input line 4204.
Package hyperref Info: Hyper index ON on input line 4207.
Package hyperref Info: Plain pages OFF on input line 4214.
Package hyperref Info: Backreferencing OFF on input line 4219.
Package hyperref Info: Implicit mode ON; LaTeX internals redefined.
Package hyperref Info: Bookmarks ON on input line 4466.
\c@Hy@tempcnt=\count370
LaTeX Info: Redefining \url on input line 4805.
\XeTeXLinkMargin=\dimen300

(C:\Users\Hanamiya\AppData\Local\Programs\MiKTeX\tex/generic/bitset\bitset.sty
Package: bitset 2019/12/09 v1.3 Handle bit-vector datatype (HO)

(C:\Users\Hanamiya\AppData\Local\Programs\MiKTeX\tex/generic/bigintcalc\bigintc
alc.sty
Package: bigintcalc 2019/12/15 v1.5 Expandable calculations on big integers (HO
)
))
\Fld@menulength=\count371
\Field@Width=\dimen301
\Fld@charsize=\dimen302
Package hyperref Info: Hyper figures OFF on input line 6091.
Package hyperref Info: Link nesting OFF on input line 6096.
Package hyperref Info: Hyper index ON on input line 6099.
Package hyperref Info: backreferencing OFF on input line 6106.
Package hyperref Info: Link coloring OFF on input line 6111.
Package hyperref Info: Link coloring with OCG OFF on input line 6116.
Package hyperref Info: PDF/A mode OFF on input line 6121.
\Hy@abspage=\count372
\c@Item=\count373
\c@Hfootnote=\count374
)
Package hyperref Info: Driver (autodetected): hxetex.

(C:\Users\Hanamiya\AppData\Local\Programs\MiKTeX\tex/latex/hyperref\hxetex.def
File: hxetex.def 2026-04-24 v7.01q Hyperref driver for XeTeX
\pdfm@box=\box73
\c@Hy@AnnotLevel=\count375
\HyField@AnnotCount=\count376
\Fld@listcount=\count377
\c@bookmark@seq@number=\count378

(C:\Users\Hanamiya\AppData\Local\Programs\MiKTeX\tex/latex/rerunfilecheck\rerun
filecheck.sty
Package: rerunfilecheck 2025-06-21 v1.11 Rerun checks for auxiliary files (HO)

(C:\Users\Hanamiya\AppData\Local\Programs\MiKTeX\tex/generic/uniquecounter\uniq
uecounter.sty
Package: uniquecounter 2019/12/15 v1.4 Provide unlimited unique counter (HO)
)
Package uniquecounter Info: New unique counter `rerunfilecheck' on input line 2
84.
)
\Hy@SectionHShift=\skip106
)
(C:\Users\Hanamiya\AppData\Local\Programs\MiKTeX\tex/latex/cleveref\cleveref.st
y
Package: cleveref 2018/03/27 v0.21.4 Intelligent cross-referencing
Package cleveref Info: `hyperref' support loaded on input line 2370.
LaTeX Info: Redefining \cref on input line 2370.
LaTeX Info: Redefining \Cref on input line 2370.
LaTeX Info: Redefining \crefrange on input line 2370.
LaTeX Info: Redefining \Crefrange on input line 2370.
LaTeX Info: Redefining \cpageref on input line 2370.
LaTeX Info: Redefining \Cpageref on input line 2370.
LaTeX Info: Redefining \cpagerefrange on input line 2370.
LaTeX Info: Redefining \Cpagerefrange on input line 2370.
LaTeX Info: Redefining \labelcref on input line 2370.
LaTeX Info: Redefining \labelcpageref on input line 2370.
Package cleveref Info: `listings' support loaded on input line 3131.
)
==> First Aid for cleveref.sty applied!

Package fontspec Info: 
(fontspec)             Font family 'TimesNewRoman(0)' created for font 'Times
(fontspec)             New Roman' with options [Ligatures=TeX].
(fontspec)              
(fontspec)              This font family consists of the following NFSS
(fontspec)             series/shapes:
(fontspec)              
(fontspec)             - 'normal' (m/n) with NFSS spec.: <->"Times New
(fontspec)             Roman/OT:script=latn;language=dflt;mapping=tex-text;"
(fontspec)             - 'small caps'  (m/sc) with NFSS spec.: <->"Times New
(fontspec)             Roman/OT:script=latn;language=dflt;+smcp;mapping=tex-tex
t;"
(fontspec)             - 'bold' (b/n) with NFSS spec.: <->"Times New
(fontspec)             Roman/B/OT:script=latn;language=dflt;mapping=tex-text;"
(fontspec)             - 'bold small caps'  (b/sc) with NFSS spec.: <->"Times
(fontspec)             New
(fontspec)             Roman/B/OT:script=latn;language=dflt;+smcp;mapping=tex-t
ext;"
(fontspec)             - 'italic' (m/it) with NFSS spec.: <->"Times New
(fontspec)             Roman/I/OT:script=latn;language=dflt;mapping=tex-text;"
(fontspec)             - 'italic small caps'  (m/scit) with NFSS spec.:
(fontspec)             <->"Times New
(fontspec)             Roman/I/OT:script=latn;language=dflt;+smcp;mapping=tex-t
ext;"
(fontspec)             - 'bold italic' (b/it) with NFSS spec.: <->"Times New
(fontspec)             Roman/BI/OT:script=latn;language=dflt;mapping=tex-text;"

(fontspec)             - 'bold italic small caps'  (b/scit) with NFSS spec.:
(fontspec)             <->"Times New
(fontspec)             Roman/BI/OT:script=latn;language=dflt;+smcp;mapping=tex-
text;"


Package fontspec Info: 
(fontspec)             Font family 'Arial(0)' created for font 'Arial' with
(fontspec)             options [Ligatures=TeX].
(fontspec)              
(fontspec)              This font family consists of the following NFSS
(fontspec)             series/shapes:
(fontspec)              
(fontspec)             - 'normal' (m/n) with NFSS spec.:
(fontspec)             <->"Arial/OT:script=latn;language=dflt;mapping=tex-text;
"
(fontspec)             - 'small caps'  (m/sc) with NFSS spec.:
(fontspec)             <->"Arial/OT:script=latn;language=dflt;+smcp;mapping=tex
-text;"
(fontspec)             - 'bold' (b/n) with NFSS spec.:
(fontspec)             <->"Arial/B/OT:script=latn;language=dflt;mapping=tex-tex
t;"
(fontspec)             - 'bold small caps'  (b/sc) with NFSS spec.:
(fontspec)             <->"Arial/B/OT:script=latn;language=dflt;+smcp;mapping=t
ex-text;"
(fontspec)             - 'italic' (m/it) with NFSS spec.:
(fontspec)             <->"Arial/I/OT:script=latn;language=dflt;mapping=tex-tex
t;"
(fontspec)             - 'italic small caps'  (m/scit) with NFSS spec.:
(fontspec)             <->"Arial/I/OT:script=latn;language=dflt;+smcp;mapping=t
ex-text;"
(fontspec)             - 'bold italic' (b/it) with NFSS spec.:
(fontspec)             <->"Arial/BI/OT:script=latn;language=dflt;mapping=tex-te
xt;"
(fontspec)             - 'bold italic small caps'  (b/scit) with NFSS spec.:
(fontspec)             <->"Arial/BI/OT:script=latn;language=dflt;+smcp;mapping=
tex-text;"

\c@definition=\count379
\c@theorem=\count380
\c@lemma=\count381
\c@corollary=\count382
\c@assumption=\count383
\c@conjecture=\count384
\c@axiom=\count385
\c@principle=\count386
\c@problem=\count387
\c@example=\count388
\c@proof=\count389
\c@solution=\count390
Package hyperref Info: Option `CJKbookmarks' set `true' on input line 238.
Package hyperref Info: Option `bookmarksnumbered' set `true' on input line 238.

Package hyperref Info: Option `bookmarksopen' set `true' on input line 238.
Package hyperref Info: Option `colorlinks' set `true' on input line 238.
Package hyperref Info: Option `breaklinks' set `true' on input line 238.
) (cumcm2026.sty
Package: cumcm2026 2026/08/23 v1.0 CUMCM 2026 paper style

(C:\Users\Hanamiya\AppData\Local\Programs\MiKTeX\tex/latex/mathtools\mathtools.
sty
Package: mathtools 2024/10/04 v1.31 mathematical typesetting tools

(C:\Users\Hanamiya\AppData\Local\Programs\MiKTeX\tex/latex/mathtools\mhsetup.st
y
Package: mhsetup 2021/03/18 v1.4 programming setup (MH)
)
\g_MT_multlinerow_int=\count391
\l_MT_multwidth_dim=\dimen303
\origjot=\skip107
\l_MT_shortvdotswithinadjustabove_dim=\dimen304
\l_MT_shortvdotswithinadjustbelow_dim=\dimen305
\l_MT_above_intertext_sep=\dimen306
\l_MT_below_intertext_sep=\dimen307
\l_MT_above_shortintertext_sep=\dimen308
\l_MT_below_shortintertext_sep=\dimen309
\xmathstrut@box=\box74
\xmathstrut@dim=\dimen310
)
(C:\Users\Hanamiya\AppData\Local\Programs\MiKTeX\tex/latex/siunitx\siunitx.sty
Package: siunitx 2026-05-15 v3.5.5 A comprehensive (SI) units package
\l__siunitx_number_uncert_offset_int=\count392
\l__siunitx_number_exponent_fixed_int=\count393
\l__siunitx_number_min_decimal_int=\count394
\l__siunitx_number_min_integer_int=\count395
\l__siunitx_number_round_precision_int=\count396
\l__siunitx_number_lower_threshold_int=\count397
\l__siunitx_number_upper_threshold_int=\count398
\l__siunitx_number_group_first_int=\count399
\l__siunitx_number_group_size_int=\count400
\l__siunitx_number_group_min_int=\count401
\l__siunitx_number_group_minimum_int=\count402
\l__siunitx_compound_count_int=\count403

(C:\Users\Hanamiya\AppData\Local\Programs\MiKTeX\tex/latex/translations\transla
tions.sty
Package: translations 2022/02/05 v1.12 internationalization of LaTeX2e packages
 (CN)
)
\l__siunitx_table_tmp_box=\box75
\l__siunitx_table_tmp_dim=\dimen311
\l__siunitx_table_column_width_dim=\dimen312
\l__siunitx_table_integer_box=\box76
\l__siunitx_table_decimal_box=\box77
\l__siunitx_table_uncert_box=\box78
\l__siunitx_table_before_box=\box79
\l__siunitx_table_after_box=\box80
\l__siunitx_table_before_dim=\dimen313
\l__siunitx_table_carry_dim=\dimen314
\l__siunitx_unit_tmp_int=\count404
\l__siunitx_unit_position_int=\count405
\l__siunitx_unit_total_int=\count406
\l__siunitx_sexagesimal_tmp_dim=\dimen315
\l__siunitx_sexagesimal_marker_box=\box81
\l__siunitx_sexagesimal_unit_box=\box82
)
(C:\Users\Hanamiya\AppData\Local\Programs\MiKTeX\tex/latex/microtype\microtype.
sty
Package: microtype 2026/03/01 v3.2d Micro-typographical refinements (RS)
\MT@toks=\toks33
\MT@tempbox=\box83
\MT@count=\count407
LaTeX Info: Redefining \noprotrusionifhmode on input line 1084.
LaTeX Info: Redefining \leftprotrusion on input line 1085.
\MT@prot@toks=\toks34
LaTeX Info: Redefining \rightprotrusion on input line 1104.
LaTeX Info: Redefining \textls on input line 1449.
\MT@outer@kern=\dimen316
LaTeX Info: Redefining \microtypecontext on input line 2053.
LaTeX Info: Redefining \textmicrotypecontext on input line 2070.
\MT@listname@count=\count408

(C:\Users\Hanamiya\AppData\Local\Programs\MiKTeX\tex/latex/microtype\microtype-
xetex.def
File: microtype-xetex.def 2026/03/01 v3.2d Definitions specific to xetex (RS)
LaTeX Info: Redefining \lsstyle on input line 443.
LaTeX Info: Redefining \lslig on input line 451.
\MT@outer@space=\skip108
)
Package microtype Info: Loading configuration file microtype.cfg.

(C:\Users\Hanamiya\AppData\Local\Programs\MiKTeX\tex/latex/microtype\microtype.
cfg
File: microtype.cfg 2026/03/01 v3.2d microtype main configuration file (RS)
)
LaTeX Info: Redefining \microtypesetup on input line 3065.
)
(C:\Users\Hanamiya\AppData\Local\Programs\MiKTeX\tex/latex/titlesec\titlesec.st
y
Package: titlesec 2025/01/04 v2.17 Sectioning titles
\ttl@box=\box84
\beforetitleunit=\skip109
\aftertitleunit=\skip110
\ttl@plus=\dimen317
\ttl@minus=\dimen318
\ttl@toksa=\toks35
\titlewidth=\dimen319
\titlewidthlast=\dimen320
\titlewidthfirst=\dimen321
)
(C:\Users\Hanamiya\AppData\Local\Programs\MiKTeX\tex/latex/fancyhdr\fancyhdr.st
y
Package: fancyhdr 2025/02/07 v5.2 Extensive control of page headers and footers

\f@nch@headwidth=\skip111
\f@nch@offset@elh=\skip112
\f@nch@offset@erh=\skip113
\f@nch@offset@olh=\skip114
\f@nch@offset@orh=\skip115
\f@nch@offset@elf=\skip116
\f@nch@offset@erf=\skip117
\f@nch@offset@olf=\skip118
\f@nch@offset@orf=\skip119
\f@nch@height=\skip120
\f@nch@footalignment=\skip121
\f@nch@widthL=\skip122
\f@nch@widthC=\skip123
\f@nch@widthR=\skip124
\@temptokenb=\toks36
)

Package siunitx Info: Option "detect-all" has been deprecated in this release.
(siunitx)             
(siunitx)             Use "mode = match, propagate-math-font = true,
(siunitx)             reset-math-version = false, reset-text-family = false,
(siunitx)             reset-text-series = false, reset-text-shape = false,
(siunitx)             text-family-to-math = true, text-series-to-math = true"
(siunitx)             as a replacement.

)
Package translations Info: No language package found. I am going to use `englis
h' as default language. on input line 25.
 (main.aux)
\openout1 = `main.aux'.

LaTeX Font Info:    Checking defaults for OML/cmm/m/it on input line 25.
LaTeX Font Info:    ... okay on input line 25.
LaTeX Font Info:    Checking defaults for OMS/cmsy/m/n on input line 25.
LaTeX Font Info:    ... okay on input line 25.
LaTeX Font Info:    Checking defaults for OT1/cmr/m/n on input line 25.
LaTeX Font Info:    ... okay on input line 25.
LaTeX Font Info:    Checking defaults for T1/cmr/m/n on input line 25.
LaTeX Font Info:    ... okay on input line 25.
LaTeX Font Info:    Checking defaults for TS1/cmr/m/n on input line 25.
LaTeX Font Info:    ... okay on input line 25.
LaTeX Font Info:    Checking defaults for TU/lmr/m/n on input line 25.
LaTeX Font Info:    ... okay on input line 25.
LaTeX Font Info:    Checking defaults for OMX/cmex/m/n on input line 25.
LaTeX Font Info:    ... okay on input line 25.
LaTeX Font Info:    Checking defaults for U/cmr/m/n on input line 25.
LaTeX Font Info:    ... okay on input line 25.
LaTeX Font Info:    Checking defaults for PD1/pdf/m/n on input line 25.
LaTeX Font Info:    ... okay on input line 25.
LaTeX Font Info:    Checking defaults for PU/pdf/m/n on input line 25.
LaTeX Font Info:    ... okay on input line 25.

Package fontspec Info: 
(fontspec)             Adjusting the maths setup (use [no-math] to avoid
(fontspec)             this).

\symlegacymaths=\mathgroup9
LaTeX Font Info:    Overwriting symbol font `legacymaths' in version `bold'
(Font)                  OT1/cmr/m/n --> OT1/cmr/bx/n on input line 25.
LaTeX Font Info:    Redeclaring math accent \acute on input line 25.
LaTeX Font Info:    Redeclaring math accent \grave on input line 25.
LaTeX Font Info:    Redeclaring math accent \ddot on input line 25.
LaTeX Font Info:    Redeclaring math accent \tilde on input line 25.
LaTeX Font Info:    Redeclaring math accent \bar on input line 25.
LaTeX Font Info:    Redeclaring math accent \breve on input line 25.
LaTeX Font Info:    Redeclaring math accent \check on input line 25.
LaTeX Font Info:    Redeclaring math accent \hat on input line 25.
LaTeX Font Info:    Redeclaring math accent \dot on input line 25.
LaTeX Font Info:    Redeclaring math accent \mathring on input line 25.
LaTeX Font Info:    Redeclaring math symbol \Gamma on input line 25.
LaTeX Font Info:    Redeclaring math symbol \Delta on input line 25.
LaTeX Font Info:    Redeclaring math symbol \Theta on input line 25.
LaTeX Font Info:    Redeclaring math symbol \Lambda on input line 25.
LaTeX Font Info:    Redeclaring math symbol \Xi on input line 25.
LaTeX Font Info:    Redeclaring math symbol \Pi on input line 25.
LaTeX Font Info:    Redeclaring math symbol \Sigma on input line 25.
LaTeX Font Info:    Redeclaring math symbol \Upsilon on input line 25.
LaTeX Font Info:    Redeclaring math symbol \Phi on input line 25.
LaTeX Font Info:    Redeclaring math symbol \Psi on input line 25.
LaTeX Font Info:    Redeclaring math symbol \Omega on input line 25.
LaTeX Font Info:    Redeclaring math symbol \mathdollar on input line 25.
LaTeX Font Info:    Redeclaring symbol font `operators' on input line 25.
LaTeX Font Info:    Encoding `OT1' has changed to `TU' for symbol font
(Font)              `operators' in the math version `normal' on input line 25.
LaTeX Font Info:    Overwriting symbol font `operators' in version `normal'
(Font)                  OT1/cmr/m/n --> TU/TimesNewRoman(0)/m/n on input line 2
5.
LaTeX Font Info:    Encoding `OT1' has changed to `TU' for symbol font
(Font)              `operators' in the math version `bold' on input line 25.
LaTeX Font Info:    Overwriting symbol font `operators' in version `bold'
(Font)                  OT1/cmr/bx/n --> TU/TimesNewRoman(0)/m/n on input line 
25.
LaTeX Font Info:    Overwriting symbol font `operators' in version `normal'
(Font)                  TU/TimesNewRoman(0)/m/n --> TU/TimesNewRoman(0)/m/n on 
input line 25.
LaTeX Font Info:    Overwriting math alphabet `\mathit' in version `normal'
(Font)                  OT1/cmr/m/it --> TU/TimesNewRoman(0)/m/it on input line
 25.
LaTeX Font Info:    Overwriting math alphabet `\mathbf' in version `normal'
(Font)                  OT1/cmr/bx/n --> TU/TimesNewRoman(0)/b/n on input line 
25.
LaTeX Font Info:    Overwriting math alphabet `\mathsf' in version `normal'
(Font)                  OT1/cmss/m/n --> TU/Arial(0)/m/n on input line 25.
LaTeX Font Info:    Overwriting math alphabet `\mathtt' in version `normal'
(Font)                  OT1/cmtt/m/n --> TU/lmtt/m/n on input line 25.
LaTeX Font Info:    Overwriting symbol font `operators' in version `bold'
(Font)                  TU/TimesNewRoman(0)/m/n --> TU/TimesNewRoman(0)/b/n on 
input line 25.
LaTeX Font Info:    Overwriting math alphabet `\mathit' in version `bold'
(Font)                  OT1/cmr/bx/it --> TU/TimesNewRoman(0)/b/it on input lin
e 25.
LaTeX Font Info:    Overwriting math alphabet `\mathsf' in version `bold'
(Font)                  OT1/cmss/bx/n --> TU/Arial(0)/b/n on input line 25.
LaTeX Font Info:    Overwriting math alphabet `\mathtt' in version `bold'
(Font)                  OT1/cmtt/m/n --> TU/lmtt/b/n on input line 25.

*geometry* driver: auto-detecting
*geometry* detected driver: xetex
*geometry* verbose mode - [ preamble ] result:
* driver: xetex
* paper: a4paper
* layout: <same size as paper>
* layoutoffset:(h,v)=(0.0pt,0.0pt)
* modes: 
* h-part:(L,W,R)=(71.13188pt, 455.24411pt, 71.13188pt)
* v-part:(T,H,B)=(71.13188pt, 702.78308pt, 71.13188pt)
* \paperwidth=597.50787pt
* \paperheight=845.04684pt
* \textwidth=455.24411pt
* \textheight=702.78308pt
* \oddsidemargin=-1.1381pt
* \evensidemargin=-1.1381pt
* \topmargin=-41.1381pt
* \headheight=15.0pt
* \headsep=25.0pt
* \topskip=12.0pt
* \footskip=30.0pt
* \marginparwidth=35.0pt
* \marginparsep=10.0pt
* \columnsep=10.0pt
* \skip\footins=10.8pt plus 4.0pt minus 2.0pt
* \hoffset=0.0pt
* \voffset=0.0pt
* \mag=1000
* \@twocolumnfalse
* \@twosidefalse
* \@mparswitchfalse
* \@reversemarginfalse
* (1in=72.27pt=25.4mm, 1cm=28.453pt)

\c@lstlisting=\count409
Package caption Info: Begin \AtBeginDocument code.
Package caption Info: hyperref package is loaded.
Package caption Info: End \AtBeginDocument code.
Package hyperref Info: Link coloring ON on input line 25.
(main.out) (main.out)
\@outlinefile=\write4
\openout4 = `main.out'.


(C:\Users\Hanamiya\AppData\Local\Programs\MiKTeX\tex/latex/translations/dicts\t
ranslations-basic-dictionary-english.trsl
File: translations-basic-dictionary-english.trsl (english translation file `tra
nslations-basic-dictionary')
)
Package translations Info: loading dictionary `translations-basic-dictionary' f
or `english'. on input line 25.
LaTeX Info: Redefining \microtypecontext on input line 25.
Package microtype Info: Applying patch `item' on input line 25.
Package microtype Info: Applying patch `toc' on input line 25.
Package microtype Info: Applying patch `eqnum' on input line 25.
Package microtype Info: Applying patch `footnote' on input line 25.
Package microtype Info: Applying patch `verbatim' on input line 25.
LaTeX Info: Redefining \microtypesetup on input line 25.
Package microtype Info: Character protrusion enabled (level 2).
Package microtype Info: Using default protrusion set `alltext'.
Package microtype Info: No adjustment of tracking.
Package microtype Info: No adjustment of spacing.
Package microtype Info: No adjustment of kerning.
Package microtype Info: Loading generic protrusion settings for font family
(microtype)             `TimesNewRoman' (encoding: TU).
(microtype)             For optimal results, create family-specific settings.
(microtype)             See the microtype manual for details.
Package microtype Info: Character `textendash ' is missing
(microtype)             in font `TU/TimesNewRoman(0)/m/n/12.05'.
(microtype)             Ignoring protrusion settings for this character.
Package microtype Info: Character `textemdash ' is missing
(microtype)             in font `TU/TimesNewRoman(0)/m/n/12.05'.
(microtype)             Ignoring protrusion settings for this character.
Package microtype Info: Character `textquoteleft ' is missing
(microtype)             in font `TU/TimesNewRoman(0)/m/n/12.05'.
(microtype)             Ignoring protrusion settings for this character.
Package microtype Info: Character `textquoteright ' is missing
(microtype)             in font `TU/TimesNewRoman(0)/m/n/12.05'.
(microtype)             Ignoring protrusion settings for this character.
Package microtype Info: Character `textquotedblleft ' is missing
(microtype)             in font `TU/TimesNewRoman(0)/m/n/12.05'.
(microtype)             Ignoring protrusion settings for this character.
Package microtype Info: Character `textquotedblright ' is missing
(microtype)             in font `TU/TimesNewRoman(0)/m/n/12.05'.
(microtype)             Ignoring protrusion settings for this character.
Package microtype Info: Character `textendash ' is missing
(microtype)             in font `TU/TimesNewRoman(0)/m/n/16.06'.
(microtype)             Ignoring protrusion settings for this character.
Package microtype Info: Character `textemdash ' is missing
(microtype)             in font `TU/TimesNewRoman(0)/m/n/16.06'.
(microtype)             Ignoring protrusion settings for this character.
Package microtype Info: Character `textquoteleft ' is missing
(microtype)             in font `TU/TimesNewRoman(0)/m/n/16.06'.
(microtype)             Ignoring protrusion settings for this character.
Package microtype Info: Character `textquoteright ' is missing
(microtype)             in font `TU/TimesNewRoman(0)/m/n/16.06'.
(microtype)             Ignoring protrusion settings for this character.
Package microtype Info: Character `textquotedblleft ' is missing
(microtype)             in font `TU/TimesNewRoman(0)/m/n/16.06'.
(microtype)             Ignoring protrusion settings for this character.
Package microtype Info: Character `textquotedblright ' is missing
(microtype)             in font `TU/TimesNewRoman(0)/m/n/16.06'.
(microtype)             Ignoring protrusion settings for this character.
Package microtype Info: Character `textendash ' is missing
(microtype)             in font `TU/TimesNewRoman(0)/b/n/16.06'.
(microtype)             Ignoring protrusion settings for this character.
Package microtype Info: Character `textemdash ' is missing
(microtype)             in font `TU/TimesNewRoman(0)/b/n/16.06'.
(microtype)             Ignoring protrusion settings for this character.
Package microtype Info: Character `textquoteleft ' is missing
(microtype)             in font `TU/TimesNewRoman(0)/b/n/16.06'.
(microtype)             Ignoring protrusion settings for this character.
Package microtype Info: Character `textquoteright ' is missing
(microtype)             in font `TU/TimesNewRoman(0)/b/n/16.06'.
(microtype)             Ignoring protrusion settings for this character.
Package microtype Info: Character `textquotedblleft ' is missing
(microtype)             in font `TU/TimesNewRoman(0)/b/n/16.06'.
(microtype)             Ignoring protrusion settings for this character.
Package microtype Info: Character `textquotedblright ' is missing
(microtype)             in font `TU/TimesNewRoman(0)/b/n/16.06'.
(microtype)             Ignoring protrusion settings for this character.
LaTeX Font Info:    Calculating math sizes for size <12.05> on input line 39.
Package microtype Info: Character `textendash ' is missing
(microtype)             in font `TU/TimesNewRoman(0)/m/n/8.43495'.
(microtype)             Ignoring protrusion settings for this character.
Package microtype Info: Character `textemdash ' is missing
(microtype)             in font `TU/TimesNewRoman(0)/m/n/8.43495'.
(microtype)             Ignoring protrusion settings for this character.
Package microtype Info: Character `textquoteleft ' is missing
(microtype)             in font `TU/TimesNewRoman(0)/m/n/8.43495'.
(microtype)             Ignoring protrusion settings for this character.
Package microtype Info: Character `textquoteright ' is missing
(microtype)             in font `TU/TimesNewRoman(0)/m/n/8.43495'.
(microtype)             Ignoring protrusion settings for this character.
Package microtype Info: Character `textquotedblleft ' is missing
(microtype)             in font `TU/TimesNewRoman(0)/m/n/8.43495'.
(microtype)             Ignoring protrusion settings for this character.
Package microtype Info: Character `textquotedblright ' is missing
(microtype)             in font `TU/TimesNewRoman(0)/m/n/8.43495'.
(microtype)             Ignoring protrusion settings for this character.
Package microtype Info: Character `textendash ' is missing
(microtype)             in font `TU/TimesNewRoman(0)/m/n/6.025'.
(microtype)             Ignoring protrusion settings for this character.
Package microtype Info: Character `textemdash ' is missing
(microtype)             in font `TU/TimesNewRoman(0)/m/n/6.025'.
(microtype)             Ignoring protrusion settings for this character.
Package microtype Info: Character `textquoteleft ' is missing
(microtype)             in font `TU/TimesNewRoman(0)/m/n/6.025'.
(microtype)             Ignoring protrusion settings for this character.
Package microtype Info: Character `textquoteright ' is missing
(microtype)             in font `TU/TimesNewRoman(0)/m/n/6.025'.
(microtype)             Ignoring protrusion settings for this character.
Package microtype Info: Character `textquotedblleft ' is missing
(microtype)             in font `TU/TimesNewRoman(0)/m/n/6.025'.
(microtype)             Ignoring protrusion settings for this character.
Package microtype Info: Character `textquotedblright ' is missing
(microtype)             in font `TU/TimesNewRoman(0)/m/n/6.025'.
(microtype)             Ignoring protrusion settings for this character.
LaTeX Font Info:    Trying to load font information for U+msa on input line 39.


(C:\Users\Hanamiya\AppData\Local\Programs\MiKTeX\tex/latex/amsfonts\umsa.fd
File: umsa.fd 2013/01/14 v3.01 AMS symbols A
)
(C:\Users\Hanamiya\AppData\Local\Programs\MiKTeX\tex/latex/microtype\mt-msa.cfg
File: mt-msa.cfg 2006/02/04 v1.1 microtype config. file: AMS symbols (a) (RS)
)
LaTeX Font Info:    Trying to load font information for U+msb on input line 39.

 (C:\Users\Hanamiya\AppData\Local\Programs\MiKTeX\tex/latex/amsfonts\umsb.fd
File: umsb.fd 2013/01/14 v3.01 AMS symbols B
)
(C:\Users\Hanamiya\AppData\Local\Programs\MiKTeX\tex/latex/microtype\mt-msb.cfg
File: mt-msb.cfg 2005/06/01 v1.0 microtype config. file: AMS symbols (b) (RS)
)
(C:\Users\Hanamiya\AppData\Local\Programs\MiKTeX\tex/latex/microtype\mt-cmr.cfg
File: mt-cmr.cfg 2013/05/19 v2.2 microtype config. file: Computer Modern Roman 
(RS)
) [1

]

Package fontspec Info: 
(fontspec)             Could not resolve font "SimHei/BI" (it probably doesn't
(fontspec)             exist).


Package fontspec Info: 
(fontspec)             Could not resolve font "SimHei/B" (it probably doesn't
(fontspec)             exist).


Package fontspec Info: 
(fontspec)             Could not resolve font "SimHei/I" (it probably doesn't
(fontspec)             exist).


Package fontspec Info: 
(fontspec)             Font family 'SimHei(0)' created for font 'SimHei' with
(fontspec)             options [Script={CJK}].
(fontspec)              
(fontspec)              This font family consists of the following NFSS
(fontspec)             series/shapes:
(fontspec)              
(fontspec)             - 'normal' (m/n) with NFSS spec.:
(fontspec)             <->"SimHei/OT:script=hani;language=dflt;"



LaTeX Font Warning: Font shape `TU/SimHei(0)/b/n' undefined
(Font)              using `TU/SimHei(0)/m/n' instead on input line 74.

Package microtype Info: Character `textendash ' is missing
(microtype)             in font `TU/TimesNewRoman(0)/m/n/14.05249'.
(microtype)             Ignoring protrusion settings for this character.
Package microtype Info: Character `textemdash ' is missing
(microtype)             in font `TU/TimesNewRoman(0)/m/n/14.05249'.
(microtype)             Ignoring protrusion settings for this character.
Package microtype Info: Character `textquoteleft ' is missing
(microtype)             in font `TU/TimesNewRoman(0)/m/n/14.05249'.
(microtype)             Ignoring protrusion settings for this character.
Package microtype Info: Character `textquoteright ' is missing
(microtype)             in font `TU/TimesNewRoman(0)/m/n/14.05249'.
(microtype)             Ignoring protrusion settings for this character.
Package microtype Info: Character `textquotedblleft ' is missing
(microtype)             in font `TU/TimesNewRoman(0)/m/n/14.05249'.
(microtype)             Ignoring protrusion settings for this character.
Package microtype Info: Character `textquotedblright ' is missing
(microtype)             in font `TU/TimesNewRoman(0)/m/n/14.05249'.
(microtype)             Ignoring protrusion settings for this character.
Package microtype Info: Character `textendash ' is missing
(microtype)             in font `TU/TimesNewRoman(0)/b/n/14.05249'.
(microtype)             Ignoring protrusion settings for this character.
Package microtype Info: Character `textemdash ' is missing
(microtype)             in font `TU/TimesNewRoman(0)/b/n/14.05249'.
(microtype)             Ignoring protrusion settings for this character.
Package microtype Info: Character `textquoteleft ' is missing
(microtype)             in font `TU/TimesNewRoman(0)/b/n/14.05249'.
(microtype)             Ignoring protrusion settings for this character.
Package microtype Info: Character `textquoteright ' is missing
(microtype)             in font `TU/TimesNewRoman(0)/b/n/14.05249'.
(microtype)             Ignoring protrusion settings for this character.
Package microtype Info: Character `textquotedblleft ' is missing
(microtype)             in font `TU/TimesNewRoman(0)/b/n/14.05249'.
(microtype)             Ignoring protrusion settings for this character.
Package microtype Info: Character `textquotedblright ' is missing
(microtype)             in font `TU/TimesNewRoman(0)/b/n/14.05249'.
(microtype)             Ignoring protrusion settings for this character.

Package hyperref Warning: Token not allowed in a PDF string (Unicode):
(hyperref)                removing `\leavevmode@ifvmode' on input line 76.


Package hyperref Warning: Token not allowed in a PDF string (Unicode):
(hyperref)                \kern 2.00876pt
(hyperref)                removed on input line 76.


Package hyperref Warning: Token not allowed in a PDF string (Unicode):
(hyperref)                removing `\leavevmode@ifvmode' on input line 76.


Package hyperref Warning: Token not allowed in a PDF string (Unicode):
(hyperref)                \kern 2.00876pt
(hyperref)                removed on input line 76.


Package hyperref Warning: Token not allowed in a PDF string (Unicode):
(hyperref)                removing `\leavevmode@ifvmode' on input line 94.


Package hyperref Warning: Token not allowed in a PDF string (Unicode):
(hyperref)                \kern 2.00876pt
(hyperref)                removed on input line 94.


Package hyperref Warning: Token not allowed in a PDF string (Unicode):
(hyperref)                removing `\leavevmode@ifvmode' on input line 94.


Package hyperref Warning: Token not allowed in a PDF string (Unicode):
(hyperref)                \kern 2.00876pt
(hyperref)                removed on input line 94.

Package microtype Info: Character `textendash ' is missing
(microtype)             in font `TU/TimesNewRoman(0)/b/n/12.05'.
(microtype)             Ignoring protrusion settings for this character.
Package microtype Info: Character `textemdash ' is missing
(microtype)             in font `TU/TimesNewRoman(0)/b/n/12.05'.
(microtype)             Ignoring protrusion settings for this character.
Package microtype Info: Character `textquoteleft ' is missing
(microtype)             in font `TU/TimesNewRoman(0)/b/n/12.05'.
(microtype)             Ignoring protrusion settings for this character.
Package microtype Info: Character `textquoteright ' is missing
(microtype)             in font `TU/TimesNewRoman(0)/b/n/12.05'.
(microtype)             Ignoring protrusion settings for this character.
Package microtype Info: Character `textquotedblleft ' is missing
(microtype)             in font `TU/TimesNewRoman(0)/b/n/12.05'.
(microtype)             Ignoring protrusion settings for this character.
Package microtype Info: Character `textquotedblright ' is missing
(microtype)             in font `TU/TimesNewRoman(0)/b/n/12.05'.
(microtype)             Ignoring protrusion settings for this character.

Package hyperref Warning: Token not allowed in a PDF string (Unicode):
(hyperref)                removing `\leavevmode@ifvmode' on input line 109.


Package hyperref Warning: Token not allowed in a PDF string (Unicode):
(hyperref)                \kern 2.00876pt
(hyperref)                removed on input line 109.


Package hyperref Warning: Token not allowed in a PDF string (Unicode):
(hyperref)                removing `\leavevmode@ifvmode' on input line 109.


Package hyperref Warning: Token not allowed in a PDF string (Unicode):
(hyperref)                \kern 2.00876pt
(hyperref)                removed on input line 109.

[2]

Package hyperref Warning: Token not allowed in a PDF string (Unicode):
(hyperref)                removing `\leavevmode@ifvmode' on input line 119.


Package hyperref Warning: Token not allowed in a PDF string (Unicode):
(hyperref)                \kern 2.00876pt
(hyperref)                removed on input line 119.


Package hyperref Warning: Token not allowed in a PDF string (Unicode):
(hyperref)                removing `\leavevmode@ifvmode' on input line 119.


Package hyperref Warning: Token not allowed in a PDF string (Unicode):
(hyperref)                \kern 2.00876pt
(hyperref)                removed on input line 119.


Package hyperref Warning: Token not allowed in a PDF string (Unicode):
(hyperref)                removing `\leavevmode@ifvmode' on input line 140.


Package hyperref Warning: Token not allowed in a PDF string (Unicode):
(hyperref)                \kern 2.00876pt
(hyperref)                removed on input line 140.


Package hyperref Warning: Token not allowed in a PDF string (Unicode):
(hyperref)                removing `\leavevmode@ifvmode' on input line 140.


Package hyperref Warning: Token not allowed in a PDF string (Unicode):
(hyperref)                \kern 2.00876pt
(hyperref)                removed on input line 140.


Package hyperref Warning: Token not allowed in a PDF string (Unicode):
(hyperref)                removing `\leavevmode@ifvmode' on input line 153.


Package hyperref Warning: Token not allowed in a PDF string (Unicode):
(hyperref)                \kern 2.00876pt
(hyperref)                removed on input line 153.


Package hyperref Warning: Token not allowed in a PDF string (Unicode):
(hyperref)                removing `\leavevmode@ifvmode' on input line 153.


Package hyperref Warning: Token not allowed in a PDF string (Unicode):
(hyperref)                \kern 2.00876pt
(hyperref)                removed on input line 153.

[3] [4]

Package hyperref Warning: Token not allowed in a PDF string (Unicode):
(hyperref)                removing `\leavevmode@ifvmode' on input line 207.


Package hyperref Warning: Token not allowed in a PDF string (Unicode):
(hyperref)                \kern 2.00876pt
(hyperref)                removed on input line 207.


Package hyperref Warning: Token not allowed in a PDF string (Unicode):
(hyperref)                removing `\leavevmode@ifvmode' on input line 207.


Package hyperref Warning: Token not allowed in a PDF string (Unicode):
(hyperref)                \kern 2.00876pt
(hyperref)                removed on input line 207.


Overfull \hbox (2.18175pt too wide) in paragraph at lines 209--211
[]\TU/SimSun(0)/m/n/12.05 记 原 始 图 像 为 $\OML/cmm/m/it/12.05 X$\TU/SimSun(0)/m/n/
12.05 ，|  索 引 集 为 $\OML/cmm/m/it/12.05 A \OT1/cmr/m/n/12.05 = \OMS/cmsy/m/n/12.
05 f\OT1/cmr/m/n/12.05 1\OML/cmm/m/it/12.05 ; [] ; M\OMS/cmsy/m/n/12.05 g ^^B f
\OT1/cmr/m/n/12.05 1\OML/cmm/m/it/12.05 ; [] ; N\OMS/cmsy/m/n/12.05 g$\TU/SimSu
n(0)/m/n/12.05 ，|  像 素 动 态 范 围 为 $\OT1/cmr/m/n/12.05 [\OML/cmm/m/it/12.05 s[]; 
s[]\OT1/cmr/m/n/12.05 ]$\TU/SimSun(0)/m/n/12.05 。|
 []

[5]

Package hyperref Warning: Token not allowed in a PDF string (Unicode):
(hyperref)                removing `\leavevmode@ifvmode' on input line 222.


Package hyperref Warning: Token not allowed in a PDF string (Unicode):
(hyperref)                \kern 2.00876pt
(hyperref)                removed on input line 222.


Package hyperref Warning: Token not allowed in a PDF string (Unicode):
(hyperref)                removing `\leavevmode@ifvmode' on input line 222.


Package hyperref Warning: Token not allowed in a PDF string (Unicode):
(hyperref)                \kern 2.00876pt
(hyperref)                removed on input line 222.


Package hyperref Warning: Token not allowed in a PDF string (Unicode):
(hyperref)                removing `\leavevmode@ifvmode' on input line 245.


Package hyperref Warning: Token not allowed in a PDF string (Unicode):
(hyperref)                \kern 2.00876pt
(hyperref)                removed on input line 245.


Package hyperref Warning: Token not allowed in a PDF string (Unicode):
(hyperref)                removing `\leavevmode@ifvmode' on input line 245.


Package hyperref Warning: Token not allowed in a PDF string (Unicode):
(hyperref)                \kern 2.00876pt
(hyperref)                removed on input line 245.

[6]

Package hyperref Warning: Token not allowed in a PDF string (Unicode):
(hyperref)                removing `\leavevmode@ifvmode' on input line 278.


Package hyperref Warning: Token not allowed in a PDF string (Unicode):
(hyperref)                \kern 2.00876pt
(hyperref)                removed on input line 278.


Package hyperref Warning: Token not allowed in a PDF string (Unicode):
(hyperref)                removing `\leavevmode@ifvmode' on input line 278.


Package hyperref Warning: Token not allowed in a PDF string (Unicode):
(hyperref)                \kern 2.00876pt
(hyperref)                removed on input line 278.


Package hyperref Warning: Token not allowed in a PDF string (Unicode):
(hyperref)                removing `\leavevmode@ifvmode' on input line 311.


Package hyperref Warning: Token not allowed in a PDF string (Unicode):
(hyperref)                \kern 2.00876pt
(hyperref)                removed on input line 311.


Package hyperref Warning: Token not allowed in a PDF string (Unicode):
(hyperref)                removing `\leavevmode@ifvmode' on input line 311.


Package hyperref Warning: Token not allowed in a PDF string (Unicode):
(hyperref)                \kern 2.00876pt
(hyperref)                removed on input line 311.

[7]
(C:\Users\Hanamiya\AppData\Local\Programs\MiKTeX\tex/latex/listings\lstlang1.st
y
File: lstlang1.sty 2025/11/14 1.11b listings language file
)
(C:\Users\Hanamiya\AppData\Local\Programs\MiKTeX\tex/latex/listings\lstlang2.st
y
File: lstlang2.sty 2025/11/14 1.11b listings language file
)
(C:\Users\Hanamiya\AppData\Local\Programs\MiKTeX\tex/latex/listings\lstlang3.st
y
File: lstlang3.sty 2025/11/14 1.11b listings language file
)
(C:\Users\Hanamiya\AppData\Local\Programs\MiKTeX\tex/latex/listings\lstlang1.st
y
File: lstlang1.sty 2025/11/14 1.11b listings language file
)
(C:\Users\Hanamiya\AppData\Local\Programs\MiKTeX\tex/latex/listings\lstlang2.st
y
File: lstlang2.sty 2025/11/14 1.11b listings language file
)
(C:\Users\Hanamiya\AppData\Local\Programs\MiKTeX\tex/latex/listings\lstlang3.st
y
File: lstlang3.sty 2025/11/14 1.11b listings language file
)
(C:\Users\Hanamiya\AppData\Local\Programs\MiKTeX\tex/latex/listings\lstlang1.st
y
File: lstlang1.sty 2025/11/14 1.11b listings language file
)
(C:\Users\Hanamiya\AppData\Local\Programs\MiKTeX\tex/latex/listings\lstlang2.st
y
File: lstlang2.sty 2025/11/14 1.11b listings language file
)
(C:\Users\Hanamiya\AppData\Local\Programs\MiKTeX\tex/latex/listings\lstlang3.st
y
File: lstlang3.sty 2025/11/14 1.11b listings language file
)
(C:\Users\Hanamiya\AppData\Local\Programs\MiKTeX\tex/latex/listings\lstmisc.sty
File: lstmisc.sty 2025/11/14 1.11b (Carsten Heinz)
)
Package microtype Info: Character `textendash ' is missing
(microtype)             in font `TU/TimesNewRoman(0)/m/n/9.03374'.
(microtype)             Ignoring protrusion settings for this character.
Package microtype Info: Character `textemdash ' is missing
(microtype)             in font `TU/TimesNewRoman(0)/m/n/9.03374'.
(microtype)             Ignoring protrusion settings for this character.
Package microtype Info: Character `textquoteleft ' is missing
(microtype)             in font `TU/TimesNewRoman(0)/m/n/9.03374'.
(microtype)             Ignoring protrusion settings for this character.
Package microtype Info: Character `textquoteright ' is missing
(microtype)             in font `TU/TimesNewRoman(0)/m/n/9.03374'.
(microtype)             Ignoring protrusion settings for this character.
Package microtype Info: Character `textquotedblleft ' is missing
(microtype)             in font `TU/TimesNewRoman(0)/m/n/9.03374'.
(microtype)             Ignoring protrusion settings for this character.
Package microtype Info: Character `textquotedblright ' is missing
(microtype)             in font `TU/TimesNewRoman(0)/m/n/9.03374'.
(microtype)             Ignoring protrusion settings for this character.

Package fontspec Info: 
(fontspec)             Could not resolve font "FangSong/BI" (it probably
(fontspec)             doesn't exist).


Package fontspec Info: 
(fontspec)             Could not resolve font "FangSong/B" (it probably
(fontspec)             doesn't exist).


Package fontspec Info: 
(fontspec)             Could not resolve font "FangSong/I" (it probably
(fontspec)             doesn't exist).

Package microtype Info: Loading generic protrusion settings for font family
(microtype)             `lmtt' (encoding: TU).
(microtype)             For optimal results, create family-specific settings.
(microtype)             See the microtype manual for details.

Package fontspec Info: 
(fontspec)             Font family 'FangSong(0)' created for font 'FangSong'
(fontspec)             with options [Script={CJK}].
(fontspec)              
(fontspec)              This font family consists of the following NFSS
(fontspec)             series/shapes:
(fontspec)              
(fontspec)             - 'normal' (m/n) with NFSS spec.:
(fontspec)             <->"FangSong/OT:script=hani;language=dflt;"

Package microtype Info: Character `textendash ' is missing
(microtype)             in font `TU/TimesNewRoman(0)/m/n/5.52061'.
(microtype)             Ignoring protrusion settings for this character.
Package microtype Info: Character `textemdash ' is missing
(microtype)             in font `TU/TimesNewRoman(0)/m/n/5.52061'.
(microtype)             Ignoring protrusion settings for this character.
Package microtype Info: Character `textquoteleft ' is missing
(microtype)             in font `TU/TimesNewRoman(0)/m/n/5.52061'.
(microtype)             Ignoring protrusion settings for this character.
Package microtype Info: Character `textquoteright ' is missing
(microtype)             in font `TU/TimesNewRoman(0)/m/n/5.52061'.
(microtype)             Ignoring protrusion settings for this character.
Package microtype Info: Character `textquotedblleft ' is missing
(microtype)             in font `TU/TimesNewRoman(0)/m/n/5.52061'.
(microtype)             Ignoring protrusion settings for this character.
Package microtype Info: Character `textquotedblright ' is missing
(microtype)             in font `TU/TimesNewRoman(0)/m/n/5.52061'.
(microtype)             Ignoring protrusion settings for this character.


Package hyperref Warning: Token not allowed in a PDF string (Unicode):
(hyperref)                removing `\leavevmode@ifvmode' on input line 358.


Package hyperref Warning: Token not allowed in a PDF string (Unicode):
(hyperref)                \kern 2.00876pt
(hyperref)                removed on input line 358.


Package hyperref Warning: Token not allowed in a PDF string (Unicode):
(hyperref)                removing `\leavevmode@ifvmode' on input line 358.


Package hyperref Warning: Token not allowed in a PDF string (Unicode):
(hyperref)                \kern 2.00876pt
(hyperref)                removed on input line 358.


Package hyperref Warning: Token not allowed in a PDF string (Unicode):
(hyperref)                removing `\leavevmode@ifvmode' on input line 369.


Package hyperref Warning: Token not allowed in a PDF string (Unicode):
(hyperref)                \kern 2.00876pt
(hyperref)                removed on input line 369.


Package hyperref Warning: Token not allowed in a PDF string (Unicode):
(hyperref)                removing `\leavevmode@ifvmode' on input line 369.


Package hyperref Warning: Token not allowed in a PDF string (Unicode):
(hyperref)                \kern 2.00876pt
(hyperref)                removed on input line 369.

[8]

Package fontspec Info: 
(fontspec)             Could not resolve font "SimSun/BI" (it probably doesn't
(fontspec)             exist).


Package fontspec Info: 
(fontspec)             Could not resolve font "SimSun/B" (it probably doesn't
(fontspec)             exist).


Package fontspec Info: 
(fontspec)             Could not resolve font "SimSun/I" (it probably doesn't
(fontspec)             exist).


Package fontspec Info: 
(fontspec)             Font family 'SimSun(1)' created for font 'SimSun' with
(fontspec)             options [Script={CJK}].
(fontspec)              
(fontspec)              This font family consists of the following NFSS
(fontspec)             series/shapes:
(fontspec)              
(fontspec)             - 'normal' (m/n) with NFSS spec.:
(fontspec)             <->"SimSun/OT:script=hani;language=dflt;"

Package microtype Info: Character `textendash ' is missing
(microtype)             in font `TU/TimesNewRoman(0)/m/n/12.045'.
(microtype)             Ignoring protrusion settings for this character.
Package microtype Info: Character `textemdash ' is missing
(microtype)             in font `TU/TimesNewRoman(0)/m/n/12.045'.
(microtype)             Ignoring protrusion settings for this character.
Package microtype Info: Character `textquoteleft ' is missing
(microtype)             in font `TU/TimesNewRoman(0)/m/n/12.045'.
(microtype)             Ignoring protrusion settings for this character.
Package microtype Info: Character `textquoteright ' is missing
(microtype)             in font `TU/TimesNewRoman(0)/m/n/12.045'.
(microtype)             Ignoring protrusion settings for this character.
Package microtype Info: Character `textquotedblleft ' is missing
(microtype)             in font `TU/TimesNewRoman(0)/m/n/12.045'.
(microtype)             Ignoring protrusion settings for this character.
Package microtype Info: Character `textquotedblright ' is missing
(microtype)             in font `TU/TimesNewRoman(0)/m/n/12.045'.
(microtype)             Ignoring protrusion settings for this character.
Package microtype Info: Character `textendash ' is missing
(microtype)             in font `TU/TimesNewRoman(0)/b/n/12.045'.
(microtype)             Ignoring protrusion settings for this character.
Package microtype Info: Character `textemdash ' is missing
(microtype)             in font `TU/TimesNewRoman(0)/b/n/12.045'.
(microtype)             Ignoring protrusion settings for this character.
Package microtype Info: Character `textquoteleft ' is missing
(microtype)             in font `TU/TimesNewRoman(0)/b/n/12.045'.
(microtype)             Ignoring protrusion settings for this character.
Package microtype Info: Character `textquoteright ' is missing
(microtype)             in font `TU/TimesNewRoman(0)/b/n/12.045'.
(microtype)             Ignoring protrusion settings for this character.
Package microtype Info: Character `textquotedblleft ' is missing
(microtype)             in font `TU/TimesNewRoman(0)/b/n/12.045'.
(microtype)             Ignoring protrusion settings for this character.
Package microtype Info: Character `textquotedblright ' is missing
(microtype)             in font `TU/TimesNewRoman(0)/b/n/12.045'.
(microtype)             Ignoring protrusion settings for this character.


LaTeX Font Warning: Font shape `TU/SimSun(1)/b/n' undefined
(Font)              using `TU/SimSun(1)/m/n' instead on input line 380.


Overfull \hbox (0.74292pt too wide) in paragraph at lines 382--390
 [][] 
 []


Overfull \hbox (16.36835pt too wide) in paragraph at lines 396--414
 [][] 
 []

File: figures/vis_lena_gray_512_r30.png Graphic file (type bmp)
<figures/vis_lena_gray_512_r30.png>
[9]

Package hyperref Warning: Token not allowed in a PDF string (Unicode):
(hyperref)                removing `\leavevmode@ifvmode' on input line 463.


Package hyperref Warning: Token not allowed in a PDF string (Unicode):
(hyperref)                \kern 2.00876pt
(hyperref)                removed on input line 463.


Package hyperref Warning: Token not allowed in a PDF string (Unicode):
(hyperref)                removing `\leavevmode@ifvmode' on input line 463.


Package hyperref Warning: Token not allowed in a PDF string (Unicode):
(hyperref)                \kern 2.00876pt
(hyperref)                removed on input line 463.

[10]

Package hyperref Warning: Token not allowed in a PDF string (Unicode):
(hyperref)                removing `\leavevmode@ifvmode' on input line 499.


Package hyperref Warning: Token not allowed in a PDF string (Unicode):
(hyperref)                \kern 2.00876pt
(hyperref)                removed on input line 499.


Package hyperref Warning: Token not allowed in a PDF string (Unicode):
(hyperref)                removing `\leavevmode@ifvmode' on input line 499.


Package hyperref Warning: Token not allowed in a PDF string (Unicode):
(hyperref)                \kern 2.00876pt
(hyperref)                removed on input line 499.

[11]
Package microtype Info: Character `textendash ' is missing
(microtype)             in font `TU/TimesNewRoman(0)/m/n/8'.
(microtype)             Ignoring protrusion settings for this character.
Package microtype Info: Character `textemdash ' is missing
(microtype)             in font `TU/TimesNewRoman(0)/m/n/8'.
(microtype)             Ignoring protrusion settings for this character.
Package microtype Info: Character `textquoteleft ' is missing
(microtype)             in font `TU/TimesNewRoman(0)/m/n/8'.
(microtype)             Ignoring protrusion settings for this character.
Package microtype Info: Character `textquoteright ' is missing
(microtype)             in font `TU/TimesNewRoman(0)/m/n/8'.
(microtype)             Ignoring protrusion settings for this character.
Package microtype Info: Character `textquotedblleft ' is missing
(microtype)             in font `TU/TimesNewRoman(0)/m/n/8'.
(microtype)             Ignoring protrusion settings for this character.
Package microtype Info: Character `textquotedblright ' is missing
(microtype)             in font `TU/TimesNewRoman(0)/m/n/8'.
(microtype)             Ignoring protrusion settings for this character.
Package microtype Info: Character `textendash ' is missing
(microtype)             in font `TU/TimesNewRoman(0)/m/n/6'.
(microtype)             Ignoring protrusion settings for this character.
Package microtype Info: Character `textemdash ' is missing
(microtype)             in font `TU/TimesNewRoman(0)/m/n/6'.
(microtype)             Ignoring protrusion settings for this character.
Package microtype Info: Character `textquoteleft ' is missing
(microtype)             in font `TU/TimesNewRoman(0)/m/n/6'.
(microtype)             Ignoring protrusion settings for this character.
Package microtype Info: Character `textquoteright ' is missing
(microtype)             in font `TU/TimesNewRoman(0)/m/n/6'.
(microtype)             Ignoring protrusion settings for this character.
Package microtype Info: Character `textquotedblleft ' is missing
(microtype)             in font `TU/TimesNewRoman(0)/m/n/6'.
(microtype)             Ignoring protrusion settings for this character.
Package microtype Info: Character `textquotedblright ' is missing
(microtype)             in font `TU/TimesNewRoman(0)/m/n/6'.
(microtype)             Ignoring protrusion settings for this character.
File: figures/potential_shapes.png Graphic file (type bmp)
<figures/potential_shapes.png>


Package hyperref Warning: Token not allowed in a PDF string (Unicode):
(hyperref)                removing `\leavevmode@ifvmode' on input line 555.


Package hyperref Warning: Token not allowed in a PDF string (Unicode):
(hyperref)                \kern 2.00876pt
(hyperref)                removed on input line 555.


Package hyperref Warning: Token not allowed in a PDF string (Unicode):
(hyperref)                removing `\leavevmode@ifvmode' on input line 555.


Package hyperref Warning: Token not allowed in a PDF string (Unicode):
(hyperref)                \kern 2.00876pt
(hyperref)                removed on input line 555.

[12]

Package hyperref Warning: Token not allowed in a PDF string (Unicode):
(hyperref)                removing `\leavevmode@ifvmode' on input line 573.


Package hyperref Warning: Token not allowed in a PDF string (Unicode):
(hyperref)                \kern 2.00876pt
(hyperref)                removed on input line 573.


Package hyperref Warning: Token not allowed in a PDF string (Unicode):
(hyperref)                removing `\leavevmode@ifvmode' on input line 573.


Package hyperref Warning: Token not allowed in a PDF string (Unicode):
(hyperref)                \kern 2.00876pt
(hyperref)                removed on input line 573.


Package hyperref Warning: Token not allowed in a PDF string (Unicode):
(hyperref)                removing `\leavevmode@ifvmode' on input line 589.


Package hyperref Warning: Token not allowed in a PDF string (Unicode):
(hyperref)                \kern 2.00876pt
(hyperref)                removed on input line 589.


Package hyperref Warning: Token not allowed in a PDF string (Unicode):
(hyperref)                removing `\leavevmode@ifvmode' on input line 589.


Package hyperref Warning: Token not allowed in a PDF string (Unicode):
(hyperref)                \kern 2.00876pt
(hyperref)                removed on input line 589.

File: figures/psnr_vs_alpha.png Graphic file (type bmp)
<figures/psnr_vs_alpha.png>
[13]

Package hyperref Warning: Token not allowed in a PDF string (Unicode):
(hyperref)                removing `\leavevmode@ifvmode' on input line 616.


Package hyperref Warning: Token not allowed in a PDF string (Unicode):
(hyperref)                \kern 2.00876pt
(hyperref)                removed on input line 616.


Package hyperref Warning: Token not allowed in a PDF string (Unicode):
(hyperref)                removing `\leavevmode@ifvmode' on input line 616.


Package hyperref Warning: Token not allowed in a PDF string (Unicode):
(hyperref)                \kern 2.00876pt
(hyperref)                removed on input line 616.

File: figures/beta_sensitivity.png Graphic file (type bmp)
<figures/beta_sensitivity.png>

Package hyperref Warning: Token not allowed in a PDF string (Unicode):
(hyperref)                removing `\leavevmode@ifvmode' on input line 675.


Package hyperref Warning: Token not allowed in a PDF string (Unicode):
(hyperref)                \kern 2.00876pt
(hyperref)                removed on input line 675.


Package hyperref Warning: Token not allowed in a PDF string (Unicode):
(hyperref)                removing `\leavevmode@ifvmode' on input line 675.


Package hyperref Warning: Token not allowed in a PDF string (Unicode):
(hyperref)                \kern 2.00876pt
(hyperref)                removed on input line 675.

[14]

Package hyperref Warning: Token not allowed in a PDF string (Unicode):
(hyperref)                removing `\leavevmode@ifvmode' on input line 686.


Package hyperref Warning: Token not allowed in a PDF string (Unicode):
(hyperref)                \kern 2.00876pt
(hyperref)                removed on input line 686.


Package hyperref Warning: Token not allowed in a PDF string (Unicode):
(hyperref)                removing `\leavevmode@ifvmode' on input line 686.


Package hyperref Warning: Token not allowed in a PDF string (Unicode):
(hyperref)                \kern 2.00876pt
(hyperref)                removed on input line 686.

[15]

Package hyperref Warning: Token not allowed in a PDF string (Unicode):
(hyperref)                removing `\leavevmode@ifvmode' on input line 739.


Package hyperref Warning: Token not allowed in a PDF string (Unicode):
(hyperref)                \kern 2.00876pt
(hyperref)                removed on input line 739.


Package hyperref Warning: Token not allowed in a PDF string (Unicode):
(hyperref)                removing `\leavevmode@ifvmode' on input line 739.


Package hyperref Warning: Token not allowed in a PDF string (Unicode):
(hyperref)                \kern 2.00876pt
(hyperref)                removed on input line 739.

Package microtype Info: Character `textendash ' is missing
(microtype)             in font `TU/TimesNewRoman(0)/b/n/8.43495'.
(microtype)             Ignoring protrusion settings for this character.
Package microtype Info: Character `textemdash ' is missing
(microtype)             in font `TU/TimesNewRoman(0)/b/n/8.43495'.
(microtype)             Ignoring protrusion settings for this character.
Package microtype Info: Character `textquoteleft ' is missing
(microtype)             in font `TU/TimesNewRoman(0)/b/n/8.43495'.
(microtype)             Ignoring protrusion settings for this character.
Package microtype Info: Character `textquoteright ' is missing
(microtype)             in font `TU/TimesNewRoman(0)/b/n/8.43495'.
(microtype)             Ignoring protrusion settings for this character.
Package microtype Info: Character `textquotedblleft ' is missing
(microtype)             in font `TU/TimesNewRoman(0)/b/n/8.43495'.
(microtype)             Ignoring protrusion settings for this character.
Package microtype Info: Character `textquotedblright ' is missing
(microtype)             in font `TU/TimesNewRoman(0)/b/n/8.43495'.
(microtype)             Ignoring protrusion settings for this character.
Package microtype Info: Character `textendash ' is missing
(microtype)             in font `TU/TimesNewRoman(0)/b/n/6.025'.
(microtype)             Ignoring protrusion settings for this character.
Package microtype Info: Character `textemdash ' is missing
(microtype)             in font `TU/TimesNewRoman(0)/b/n/6.025'.
(microtype)             Ignoring protrusion settings for this character.
Package microtype Info: Character `textquoteleft ' is missing
(microtype)             in font `TU/TimesNewRoman(0)/b/n/6.025'.
(microtype)             Ignoring protrusion settings for this character.
Package microtype Info: Character `textquoteright ' is missing
(microtype)             in font `TU/TimesNewRoman(0)/b/n/6.025'.
(microtype)             Ignoring protrusion settings for this character.
Package microtype Info: Character `textquotedblleft ' is missing
(microtype)             in font `TU/TimesNewRoman(0)/b/n/6.025'.
(microtype)             Ignoring protrusion settings for this character.
Package microtype Info: Character `textquotedblright ' is missing
(microtype)             in font `TU/TimesNewRoman(0)/b/n/6.025'.
(microtype)             Ignoring protrusion settings for this character.

Package hyperref Warning: Token not allowed in a PDF string (Unicode):
(hyperref)                removing `\leavevmode@ifvmode' on input line 750.


Package hyperref Warning: Token not allowed in a PDF string (Unicode):
(hyperref)                \kern 2.00876pt
(hyperref)                removed on input line 750.


Package hyperref Warning: Token not allowed in a PDF string (Unicode):
(hyperref)                removing `\leavevmode@ifvmode' on input line 750.


Package hyperref Warning: Token not allowed in a PDF string (Unicode):
(hyperref)                \kern 2.00876pt
(hyperref)                removed on input line 750.

File: figures/convergence_signal.png Graphic file (type bmp)
<figures/convergence_signal.png>

Package hyperref Warning: Token not allowed in a PDF string (Unicode):
(hyperref)                removing `\leavevmode@ifvmode' on input line 785.


Package hyperref Warning: Token not allowed in a PDF string (Unicode):
(hyperref)                \kern 2.00876pt
(hyperref)                removed on input line 785.


Package hyperref Warning: Token not allowed in a PDF string (Unicode):
(hyperref)                removing `\leavevmode@ifvmode' on input line 785.


Package hyperref Warning: Token not allowed in a PDF string (Unicode):
(hyperref)                \kern 2.00876pt
(hyperref)                removed on input line 785.

[16] [17]
Package microtype Info: Character `textendash ' is missing
(microtype)             in font `TU/TimesNewRoman(0)/m/n/10.53937'.
(microtype)             Ignoring protrusion settings for this character.
Package microtype Info: Character `textemdash ' is missing
(microtype)             in font `TU/TimesNewRoman(0)/m/n/10.53937'.
(microtype)             Ignoring protrusion settings for this character.
Package microtype Info: Character `textquoteleft ' is missing
(microtype)             in font `TU/TimesNewRoman(0)/m/n/10.53937'.
(microtype)             Ignoring protrusion settings for this character.
Package microtype Info: Character `textquoteright ' is missing
(microtype)             in font `TU/TimesNewRoman(0)/m/n/10.53937'.
(microtype)             Ignoring protrusion settings for this character.
Package microtype Info: Character `textquotedblleft ' is missing
(microtype)             in font `TU/TimesNewRoman(0)/m/n/10.53937'.
(microtype)             Ignoring protrusion settings for this character.
Package microtype Info: Character `textquotedblright ' is missing
(microtype)             in font `TU/TimesNewRoman(0)/m/n/10.53937'.
(microtype)             Ignoring protrusion settings for this character.
Package microtype Info: Character `textendash ' is missing
(microtype)             in font `TU/TimesNewRoman(0)/m/n/7.52812'.
(microtype)             Ignoring protrusion settings for this character.
Package microtype Info: Character `textemdash ' is missing
(microtype)             in font `TU/TimesNewRoman(0)/m/n/7.52812'.
(microtype)             Ignoring protrusion settings for this character.
Package microtype Info: Character `textquoteleft ' is missing
(microtype)             in font `TU/TimesNewRoman(0)/m/n/7.52812'.
(microtype)             Ignoring protrusion settings for this character.
Package microtype Info: Character `textquoteright ' is missing
(microtype)             in font `TU/TimesNewRoman(0)/m/n/7.52812'.
(microtype)             Ignoring protrusion settings for this character.
Package microtype Info: Character `textquotedblleft ' is missing
(microtype)             in font `TU/TimesNewRoman(0)/m/n/7.52812'.
(microtype)             Ignoring protrusion settings for this character.
Package microtype Info: Character `textquotedblright ' is missing
(microtype)             in font `TU/TimesNewRoman(0)/m/n/7.52812'.
(microtype)             Ignoring protrusion settings for this character.
Package microtype Info: Character `textendash ' is missing
(microtype)             in font `TU/TimesNewRoman(0)/b/n/10.53937'.
(microtype)             Ignoring protrusion settings for this character.
Package microtype Info: Character `textemdash ' is missing
(microtype)             in font `TU/TimesNewRoman(0)/b/n/10.53937'.
(microtype)             Ignoring protrusion settings for this character.
Package microtype Info: Character `textquoteleft ' is missing
(microtype)             in font `TU/TimesNewRoman(0)/b/n/10.53937'.
(microtype)             Ignoring protrusion settings for this character.
Package microtype Info: Character `textquoteright ' is missing
(microtype)             in font `TU/TimesNewRoman(0)/b/n/10.53937'.
(microtype)             Ignoring protrusion settings for this character.
Package microtype Info: Character `textquotedblleft ' is missing
(microtype)             in font `TU/TimesNewRoman(0)/b/n/10.53937'.
(microtype)             Ignoring protrusion settings for this character.
Package microtype Info: Character `textquotedblright ' is missing
(microtype)             in font `TU/TimesNewRoman(0)/b/n/10.53937'.
(microtype)             Ignoring protrusion settings for this character.
Package microtype Info: Character `textendash ' is missing
(microtype)             in font `TU/TimesNewRoman(0)/b/n/7.52812'.
(microtype)             Ignoring protrusion settings for this character.
Package microtype Info: Character `textemdash ' is missing
(microtype)             in font `TU/TimesNewRoman(0)/b/n/7.52812'.
(microtype)             Ignoring protrusion settings for this character.
Package microtype Info: Character `textquoteleft ' is missing
(microtype)             in font `TU/TimesNewRoman(0)/b/n/7.52812'.
(microtype)             Ignoring protrusion settings for this character.
Package microtype Info: Character `textquoteright ' is missing
(microtype)             in font `TU/TimesNewRoman(0)/b/n/7.52812'.
(microtype)             Ignoring protrusion settings for this character.
Package microtype Info: Character `textquotedblleft ' is missing
(microtype)             in font `TU/TimesNewRoman(0)/b/n/7.52812'.
(microtype)             Ignoring protrusion settings for this character.
Package microtype Info: Character `textquotedblright ' is missing
(microtype)             in font `TU/TimesNewRoman(0)/b/n/7.52812'.
(microtype)             Ignoring protrusion settings for this character.


Package hyperref Warning: Token not allowed in a PDF string (Unicode):
(hyperref)                removing `\leavevmode@ifvmode' on input line 811.


Package hyperref Warning: Token not allowed in a PDF string (Unicode):
(hyperref)                \kern 2.00876pt
(hyperref)                removed on input line 811.


Package hyperref Warning: Token not allowed in a PDF string (Unicode):
(hyperref)                removing `\leavevmode@ifvmode' on input line 811.


Package hyperref Warning: Token not allowed in a PDF string (Unicode):
(hyperref)                \kern 2.00876pt
(hyperref)                removed on input line 811.


Package hyperref Warning: Token not allowed in a PDF string (Unicode):
(hyperref)                removing `math shift' on input line 811.


Package hyperref Warning: Token not allowed in a PDF string (Unicode):
(hyperref)                removing `\mu' on input line 811.


Package hyperref Warning: Token not allowed in a PDF string (Unicode):
(hyperref)                removing `math shift' on input line 811.


Package hyperref Warning: Token not allowed in a PDF string (Unicode):
(hyperref)                removing `\leavevmode@ifvmode' on input line 821.


Package hyperref Warning: Token not allowed in a PDF string (Unicode):
(hyperref)                \kern 2.00876pt
(hyperref)                removed on input line 821.


Package hyperref Warning: Token not allowed in a PDF string (Unicode):
(hyperref)                removing `\leavevmode@ifvmode' on input line 821.


Package hyperref Warning: Token not allowed in a PDF string (Unicode):
(hyperref)                \kern 2.00876pt
(hyperref)                removed on input line 821.


Package hyperref Warning: Token not allowed in a PDF string (Unicode):
(hyperref)                removing `\leavevmode@ifvmode' on input line 831.


Package hyperref Warning: Token not allowed in a PDF string (Unicode):
(hyperref)                \kern 2.00876pt
(hyperref)                removed on input line 831.


Package hyperref Warning: Token not allowed in a PDF string (Unicode):
(hyperref)                removing `\leavevmode@ifvmode' on input line 831.


Package hyperref Warning: Token not allowed in a PDF string (Unicode):
(hyperref)                \kern 2.00876pt
(hyperref)                removed on input line 831.

[18]

Package hyperref Warning: Token not allowed in a PDF string (Unicode):
(hyperref)                removing `\leavevmode@ifvmode' on input line 855.


Package hyperref Warning: Token not allowed in a PDF string (Unicode):
(hyperref)                \kern 2.00876pt
(hyperref)                removed on input line 855.


Package hyperref Warning: Token not allowed in a PDF string (Unicode):
(hyperref)                removing `\leavevmode@ifvmode' on input line 855.


Package hyperref Warning: Token not allowed in a PDF string (Unicode):
(hyperref)                \kern 2.00876pt
(hyperref)                removed on input line 855.


Package hyperref Warning: Token not allowed in a PDF string (Unicode):
(hyperref)                removing `\leavevmode@ifvmode' on input line 866.


Package hyperref Warning: Token not allowed in a PDF string (Unicode):
(hyperref)                \kern 2.00876pt
(hyperref)                removed on input line 866.


Package hyperref Warning: Token not allowed in a PDF string (Unicode):
(hyperref)                removing `\leavevmode@ifvmode' on input line 866.


Package hyperref Warning: Token not allowed in a PDF string (Unicode):
(hyperref)                \kern 2.00876pt
(hyperref)                removed on input line 866.


Package hyperref Warning: Token not allowed in a PDF string (Unicode):
(hyperref)                removing `\leavevmode@ifvmode' on input line 883.


Package hyperref Warning: Token not allowed in a PDF string (Unicode):
(hyperref)                \kern 2.00876pt
(hyperref)                removed on input line 883.


Package hyperref Warning: Token not allowed in a PDF string (Unicode):
(hyperref)                removing `\leavevmode@ifvmode' on input line 883.


Package hyperref Warning: Token not allowed in a PDF string (Unicode):
(hyperref)                \kern 2.00876pt
(hyperref)                removed on input line 883.


Package hyperref Warning: Token not allowed in a PDF string (Unicode):
(hyperref)                removing `\leavevmode@ifvmode' on input line 896.


Package hyperref Warning: Token not allowed in a PDF string (Unicode):
(hyperref)                \kern 2.00876pt
(hyperref)                removed on input line 896.


Package hyperref Warning: Token not allowed in a PDF string (Unicode):
(hyperref)                removing `\leavevmode@ifvmode' on input line 896.


Package hyperref Warning: Token not allowed in a PDF string (Unicode):
(hyperref)                \kern 2.00876pt
(hyperref)                removed on input line 896.

[19] [20] [21]
Overfull \hbox (20.28076pt too wide) in paragraph at lines 1006--1008
[]\TU/SimSun(0)/m/n/12.05 问 题 一：| \TU/lmtt/m/n/12.05 exp/problem1/results/table
s/problem1_full.csv\TU/SimSun(0)/m/n/12.05 ，| \TU/lmtt/m/n/12.05 problem1_summa
ry.csv\TU/SimSun(0)/m/n/12.05 ，|
 []

[22]
Overfull \hbox (20.28076pt too wide) in paragraph at lines 1008--1011
[]\TU/SimSun(0)/m/n/12.05 问 题 二：| \TU/lmtt/m/n/12.05 exp/problem2/results/table
s/problem2_full.csv\TU/SimSun(0)/m/n/12.05 ，| \TU/lmtt/m/n/12.05 problem2_summa
ry.csv\TU/SimSun(0)/m/n/12.05 ，|
 []


Overfull \hbox (22.21844pt too wide) in paragraph at lines 1011--1013
[]\TU/SimSun(0)/m/n/12.05 问 题 三：| \TU/lmtt/m/n/12.05 exp/problem3/results/table
s/problem3_full.csv\TU/SimSun(0)/m/n/12.05 ，| \TU/lmtt/m/n/12.05 problem3_summa
ry.csv\TU/SimSun(0)/m/n/12.05 。| 
 []


Package caption Warning: Unused \captionsetup[sub] on input line 7.
See the caption package documentation for explanation.

[23] (main.aux)
 ***********
LaTeX2e <2025-11-01>
L3 programming layer <2022/08/05>
 ***********


LaTeX Font Warning: Some font shapes were not available, defaults substituted.

Package rerunfilecheck Info: File `main.out' has not changed.
(rerunfilecheck)             Checksum: 94EE2A0AEFB987927FC1A0306AD8FE95;6411.
 ) 
Here is how much of TeX's memory you used:
 30395 strings out of 402799
 652631 string characters out of 5444248
 1326226 words of memory out of 5000000
 58866 multiletter control sequences out of 15000+600000
 652659 words of font info for 200 fonts, out of 8000000 for 9000
 1348 hyphenation exceptions out of 8191
 108i,16n,125p,1003b,2059s stack positions out of 10000i,1000n,20000p,200000b,200000s

Output written on main.pdf (23 pages).
